Business Name,Phone,PHONE_FOUND,Category,District,Taluka,Address,Rating,Reviews,Website,Facebook,Instagram,WhatsApp,Maps URL,Lead Type,lead_status,listing_opened,listing_failure_reason,whatsappStatus,contactedAt,lastMessage,notes,optOut,Export Date
Prashik Coaching Classes,9921783760,True,JEE Classes,Beed,Parli,"Mahatma Gandhi Rd, Tution Area, Anand Nagar, Ambajogai, Maharashtra 431517",4.8,50,,,,9921783760,https://www.google.com/maps/place/Prashik+Coaching+Classes/data=!4m7!3m6!1s0x3bc55f1cb0c1e985:0x5ea29daa76ed6c25!8m2!3d18.7281836!4d76.3930221!16s%2Fg%2F11f66d1gp8!19sChIJhenBsBxfxTsRJWztdqqdol4?authuser=0&hl=en&rclk=1,NO_WEBSITE,FULL_LEAD,YES,,not_contacted,,,,,2026-07-02 20:57:27
Speakmantra English Academy,6916281531,True,English Speaking Classes,Beed,Patoda,"3rd floor, Cement Road, above SBI Bank, opposite of Akshay Bhavan, Mire Layout, Branch, Nandanvan, Nagpur, Maharashtra 440024",4.6,326,,,,6916281531,https://www.google.com/maps/place/SpeakMantra+English+Academy+-+Best+English+Speaking+Classes+in+Nandanvan+Nagpur+%7C+Spoken+English+Classes+in+Nandanvan+Nagpur/data=!4m7!3m6!1s0x3bd4c79c53661fcd:0xfa731189f28ed5a4!8m2!3d21.1294095!4d79.1197229!16s%2Fg%2F11kj42fwp0!19sChIJzR9mU5zH1DsRpNWO8okRc_o?authuser=0&hl=en&rclk=1,NO_WEBSITE,FULL_LEAD,YES,,not_contacted,,,,,2026-07-02 20:57:27
Bansal Classes Parli NEET IIT JEE Main Advance MHT CET In Parli,8509147217,True,NEET Classes,Beed,Parli,"Madhav Baug Society, Parli Vaijnath, Maharashtra 431515",4.6,,,,,8509147217,"https://www.google.com/maps/place/Bansal+Classes+Parli+%7C+NEET,+IIT-JEE+%28Main%2BAdvance%29,+MHT-CET+Best+Coaching+Classes+In+Parli/data=!4m7!3m6!1s0x3bcff7b1f193b881:0x36bfb302644211a2!8m2!3d18.8494384!4d76.5204808!16s%2Fg%2F11qbxynqsr!19sChIJgbiT8bH3zzsRohFCZAKzvzY?authuser=0&hl=en&rclk=1",NO_WEBSITE,FULL_LEAD,YES,,not_contacted,,,,,2026-07-02 20:57:27
Ideal English Medium School Shirur Kasar,9196641003,True,Tuition Classes,Beed,Shirur Kasar,"3C8C Q4W, Warni, Maharashtra 413249",4.4,29,,,,9196641003,https://www.google.com/maps/place/Ideal+English+Medium+School+%28Shirur+Kasar%29/data=!4m7!3m6!1s0x3bdb341a8cbfac41:0x4e77ed88d52eb14!8m2!3d19.0669797!4d75.4203352!16s%2Fg%2F11f4hlk8h6!19sChIJQay_jBo02zsRFOtSjdh-5wQ?authuser=0&hl=en&rclk=1,NO_WEBSITE,FULL_LEAD,YES,,not_contacted,,,,,2026-07-02 20:57:27
Iti College Patoda,8509147217,True,Training Institute,Beed,Patoda,"RF3V J23, Patoda, Maharashtra 414204",4.4,21,,,,8509147217,"https://www.google.com/maps/place/ITI+College,Patoda/data=!4m7!3m6!1s0x3bc4c57d53098df7:0xc1768326388d612a!8m2!3d18.8040237!4d75.4925527!16s%2Fg%2F11gdz4ckxg!19sChIJ940JU33FxDsRKmGNOCaDdsE?authuser=0&hl=en&rclk=1",NO_WEBSITE,FULL_LEAD,YES,,not_contacted,,,,,2026-07-02 20:57:27
Infinity Coaching Classes Parli Vai,8509147217,True,Training Institute,Beed,Parli,"Manik Nagar, Habib Pura, Parli Vaijnath, Maharashtra 431515",5.0,1,,,,8509147217,https://www.google.com/maps/place/INFINITY+COACHING+CLASSES+parli+vai/data=!4m7!3m6!1s0x3bcff7cedd78e0f1:0xd3e124f5a8fffc62!8m2!3d18.84484!4d76.524283!16s%2Fg%2F11n42v_c8z!19sChIJ8eB43c73zzsRYvz_qPUk4dM?authuser=0&hl=en&rclk=1,NO_WEBSITE,FULL_LEAD,YES,,not_contacted,,,,,2026-07-02 20:57:27
Punam Art Of Learning Abacus Academy,6916281531,True,Abacus Classes,Beed,Patoda,"chimur, Bhisi, Maharashtra 442903",5.0,1,,,,6916281531,https://www.google.com/maps/place/Punam+art+of+learning+abacus+academy/data=!4m7!3m6!1s0x3a2cad50844050e9:0x38c91a9f3f39786!8m2!3d20.6325542!4d79.4010274!16s%2Fg%2F11z7mclbp1!19sChIJ6VBAhFCtLDoRhpfz86mRjAM?authuser=0&hl=en&rclk=1,NO_WEBSITE,FULL_LEAD,YES,,not_contacted,,,,,2026-07-02 20:57:27
Sankalp Coaching Classes,9623375627,True,Tuition Classes,Beed,Patoda,"Sayyed Nagar, Patoda, Maharashtra 414204",5.0,1,,,,9623375627,https://www.google.com/maps/place/Sankalp+Coaching+Classes/data=!4m7!3m6!1s0x3bc4cf9ef4dd3c1f:0xcd20ec81b02f17e8!8m2!3d18.8052198!4d75.4776482!16s%2Fg%2F11n9cqfrwb!19sChIJHzzd9J7PxDsR6BcvsIHsIM0?authuser=0&hl=en&rclk=1,NO_WEBSITE,FULL_LEAD,YES,,not_contacted,,,,,2026-07-02 20:57:27
Shivkrupa English Coaching Classes,8509147217,True,Tuition Classes,Beed,Patoda,"RF6J M84, SH155, Patoda, Maharashtra 414204",5.0,1,,,,8509147217,https://www.google.com/maps/place/Shivkrupa+English+coaching+classes/data=!4m7!3m6!1s0x3bc4cfdf03834a83:0x91e2e20c59b27761!8m2!3d18.8116455!4d75.4808324!16s%2Fg%2F11v69sn9x_!19sChIJg0qDA9_PxDsRYXeyWQzi4pE?authuser=0&hl=en&rclk=1,NO_WEBSITE,FULL_LEAD,YES,,not_contacted,,,,,2026-07-02 20:57:27
Subodh Coaching Class Math Patoda,8509147217,True,Tuition Classes,Beed,Patoda,"Shop No 1, Patoda, Maharashtra 414204",5.0,1,,,,8509147217,"https://www.google.com/maps/place/Subodh+Coaching+Class%28Math%29+,+Patoda/data=!4m7!3m6!1s0x3bc4c55568402c73:0x241b980c497380b6!8m2!3d18.8007697!4d75.4823989!16s%2Fg%2F11l6gmysnb!19sChIJcyxAaFXFxDsRtoBzSQyYGyQ?authuser=0&hl=en&rclk=1",NO_WEBSITE,FULL_LEAD,YES,,not_contacted,,,,,2026-07-02 20:57:27
Jijau Coaching Classes,6916281531,True,Coaching Classes,Beed,Shirur Kasar,"Jijau Coaching Classes, Baburao Nagar, Shirur, Maharashtra 412210",4.9,,,,,6916281531,https://www.google.com/maps/place/Jijau+Coaching+Classes/data=!4m7!3m6!1s0x3bc32d0041255dc5:0xa40445f89343a6bd!8m2!3d18.8164836!4d74.3714743!16s%2Fg%2F11y26mzkmv!19sChIJxV0lQQAtwzsRvaZDk_hFBKQ?authuser=0&hl=en&rclk=1,NO_WEBSITE,FULL_LEAD,YES,,not_contacted,,,,,2026-07-02 20:57:27
Kshitij Coaching Classes,9196641003,True,Coaching Classes,Beed,Wadwani,"near bus stand, Wadwani, Maharashtra 431144",4.8,12,,,,9196641003,https://www.google.com/maps/place/Kshitij+Coaching+Classes/data=!4m7!3m6!1s0x3bc534ffcc8a384d:0xe72572becf11bcbf!8m2!3d18.9889664!4d76.0382019!16s%2Fg%2F11gfj61tg4!19sChIJTTiKzP80xTsRv7wRz75yJec?authuser=0&hl=en&rclk=1,NO_WEBSITE,FULL_LEAD,YES,,not_contacted,,,,,2026-07-02 20:57:27
Dnyanda Science Academy,9196641003,True,Academy,Beed,Shirur Kasar,"First floor, Sky Tower Building, CT Bora College Rd, Irrigation Colony, Shirur, Maharashtra 412210",4.4,7,,,,9196641003,https://www.google.com/maps/place/Dnyanda+Science+Academy/data=!4m7!3m6!1s0x3bc32df94abf1d29:0xcf4c6dd46cc89dc!8m2!3d18.8214176!4d74.3745662!16s%2Fg%2F11spl944pd!19sChIJKR2_SvktwzsR3InMRt3G9Aw?authuser=0&hl=en&rclk=1,NO_WEBSITE,FULL_LEAD,YES,,not_contacted,,,,,2026-07-02 20:57:27
Apex English School Patoda,8509147217,True,Academy,Beed,Patoda,"Nagar, Raimoha - Patoda Rd, Patoda, Maharashtra 414204",5.0,1,,,,8509147217,https://www.google.com/maps/place/Apex+English+School+Patoda/data=!4m7!3m6!1s0x3bc4cf787e9a43bd:0x55e81e73378bcf98!8m2!3d18.8122906!4d75.4811097!16s%2Fg%2F11f31bz3_k!19sChIJvUOafnjPxDsRmM-LN3Me6FU?authuser=0&hl=en&rclk=1,NO_WEBSITE,FULL_LEAD,YES,,not_contacted,,,,,2026-07-02 20:57:27
Siddhi Kids Abacus,8509147217,True,Abacus Classes,Beed,Parli,"E- 18/105, TPS Colony, Parli Vaijnath, Maharashtra 431520",5.0,1,,,,8509147217,https://www.google.com/maps/place/SIDDHI+KIDS+ABACUS/data=!4m7!3m6!1s0x3bcff77c4f15205f:0x8a70445d110a9f47!8m2!3d18.858371!4d76.5307379!16s%2Fg%2F11np4_0hrw!19sChIJXyAVT3z3zzsRR58KEV1EcIo?authuser=0&hl=en&rclk=1,NO_WEBSITE,FULL_LEAD,YES,,not_contacted,,,,,2026-07-02 20:57:27
आदित्य,9196641003,True,Academy,Beed,Wadwani,"X2QR 2H7, Wadwani, Maharashtra 431144",5.0,1,,,,9196641003,https://www.google.com/maps/place/%E0%A4%86%E0%A4%A6%E0%A4%BF%E0%A4%A4%E0%A5%8D%E0%A4%AF/data=!4m7!3m6!1s0x3bc535a3d75f04c3:0x4c5b599938049d3a!8m2!3d18.9875288!4d76.0414258!16s%2Fg%2F11ss7lyqwg!19sChIJwwRf16M1xTsROp0EOJlZW0w?authuser=0&hl=en&rclk=1,NO_WEBSITE,FULL_LEAD,YES,,not_contacted,,,,,2026-07-02 20:57:27
श्री साई गणेश मिल्ट्री फाऊंडेशन,9196641003,True,Training Institute,Beed,Wadwani,"X3W7 FW5, Wadwani, Baheghavan, Maharashtra 431144",5.0,2,,,,9196641003,https://www.google.com/maps/place/%E0%A4%B6%E0%A5%8D%E0%A4%B0%E0%A5%80+%E0%A4%B8%E0%A4%BE%E0%A4%88+%E0%A4%97%E0%A4%A3%E0%A5%87%E0%A4%B6+%E0%A4%AE%E0%A4%BF%E0%A4%B2%E0%A5%8D%E0%A4%9F%E0%A5%8D%E0%A4%B0%E0%A5%80+%E0%A4%AB%E0%A4%BE%E0%A4%8A%E0%A4%82%E0%A4%A1%E0%A5%87%E0%A4%B6%E0%A4%A8/data=!4m7!3m6!1s0x3bc5350cb736dd0d:0x6bd6565f1c393cc8!8m2!3d18.9961183!4d76.0647704!16s%2Fg%2F11t142qmrb!19sChIJDd02tww1xTsRyDw5HF9W1ms?authuser=0&hl=en&rclk=1,NO_WEBSITE,FULL_LEAD,YES,,not_contacted,,,,,2026-07-02 20:57:27
सेनापति आर्म्ड फोर्सेस एंड डिफेंस करियर डेवलेपमेंट अकैडमी Opening Soon...,8509147217,True,Training Institute,Beed,Parli,"RGQV 983 Maharashtra State Highway 169, Parli Vaijnath, Parli rural, Maharashtra 431515",5.0,1,,,,8509147217,https://www.google.com/maps/place/%E0%A4%B8%E0%A5%87%E0%A4%A8%E0%A4%BE%E0%A4%AA%E0%A4%A4%E0%A4%BF+%E0%A4%86%E0%A4%B0%E0%A5%8D%E0%A4%AE%E0%A5%8D%E0%A4%A1+%E0%A4%AB%E0%A5%8B%E0%A4%B0%E0%A5%8D%E0%A4%B8%E0%A5%87%E0%A4%B8+%E0%A4%8F%E0%A4%82%E0%A4%A1+%E0%A4%A1%E0%A4%BF%E0%A4%AB%E0%A5%87%E0%A4%82%E0%A4%B8+%E0%A4%95%E0%A4%B0%E0%A4%BF%E0%A4%AF%E0%A4%B0+%E0%A4%A1%E0%A5%87%E0%A4%B5%E0%A4%B2%E0%A5%87%E0%A4%AA%E0%A4%AE%E0%A5%87%E0%A4%82%E0%A4%9F+%E0%A4%85%E0%A4%95%E0%A5%88%E0%A4%A1%E0%A4%AE%E0%A5%80+opening+Soon.../data=!4m7!3m6!1s0x3bcff70056b1b153:0xc8f5ffe104de6016!8m2!3d18.8383138!4d76.5432652!16s%2Fg%2F11vz7v8b7f!19sChIJU7GxVgD3zzsRFmDeBOH_9cg?authuser=0&hl=en&rclk=1,NO_WEBSITE,FULL_LEAD,YES,,not_contacted,,,,,2026-07-02 20:57:27
Yashwant Abhyasika,6916281531,True,Study Center,Beed,Patoda,"WCGQ 4F5, A/P Dongarkinhi, Tell, Patoda, Maharashtra 413229",5.0,2,,,,6916281531,https://www.google.com/maps/place/Yashwant+Abhyasika/data=!4m7!3m6!1s0x3bc4cde58e78e169:0xbfe08967a21bb55e!8m2!3d18.9252723!4d75.4387265!16s%2Fg%2F11hgj9djrg!19sChIJaeF4juXNxDsRXrUbomeJ4L8?authuser=0&hl=en&rclk=1,NO_WEBSITE,FULL_LEAD,YES,,not_contacted,,,,,2026-07-02 20:57:27
Shriram Computer Typewriting Institute,8509147217,True,Computer Institute,Beed,Parli,"19, Vaidyanath Shoping Complex, opp. Post Office, Parli Vaijnath, Maharashtra 431520",5.0,,,,,8509147217,https://www.google.com/maps/place/Shriram+Computer+Typewriting+Institute/data=!4m7!3m6!1s0x3bcff72cd2d477d9:0x9ba2c756eace3062!8m2!3d18.8491875!4d76.5317285!16s%2Fg%2F11kcfkqd_z!19sChIJ2XfU0iz3zzsRYjDO6lbHops?authuser=0&hl=en&rclk=1,NO_WEBSITE,FULL_LEAD,YES,,not_contacted,,,,,2026-07-02 20:57:27
Pragati Computers Shirur Kasar,9196641003,True,Computer Institute,Beed,Shirur Kasar,"near SBI Bank, Shivaji Nagar, Shirur Kasar, Maharashtra 413249",5.0,2,,,,9196641003,"https://www.google.com/maps/place/Pragati+Computers,Shirur+Kasar/data=!4m7!3m6!1s0x3bdb340055555555:0x46524b6f53e24b37!8m2!3d19.0637632!4d75.4266819!16s%2Fg%2F11f4m4bxn7!19sChIJVVVVVQA02zsRN0viU29LUkY?authuser=0&hl=en&rclk=1",NO_WEBSITE,FULL_LEAD,YES,,not_contacted,,,,,2026-07-02 20:57:27
Jogdand Classes,9196641003,True,Tuition Classes,Beed,Wadwani,"Wadwani, Maharashtra 431144",4.0,1,,,,9196641003,https://www.google.com/maps/place/jogdand+classes/data=!4m7!3m6!1s0x3bc5351f669a7d8f:0xa1eb2c69900ec67a!8m2!3d18.9914934!4d76.0387627!16s%2Fg%2F11h15_psbv!19sChIJj32aZh81xTsResYOkGks66E?authuser=0&hl=en&rclk=1,NO_WEBSITE,FULL_LEAD,YES,,not_contacted,,,,,2026-07-02 20:57:27
Deshamukh Classes Patoda,8509147217,True,Tutorials,Beed,Patoda,"RF2H Q54, Patoda, Maharashtra 414204",2.5,2,,,,8509147217,https://www.google.com/maps/place/Deshamukh+classes+patoda/data=!4m7!3m6!1s0x3bc4c5299a449cc5:0x805c0009d1f5e33a!8m2!3d18.8018789!4d75.4779474!16s%2Fg%2F11pdqn1nr2!19sChIJxZxEminFxDsROuP10QkAXIA?authuser=0&hl=en&rclk=1,NO_WEBSITE,FULL_LEAD,YES,,not_contacted,,,,,2026-07-02 20:57:27
Kothule's Classes Science Patoda,8509147217,True,Tutorials,Beed,Patoda,"QFXJ XHP, Patoda, Maharashtra 414204",2.2,,,,,8509147217,"https://www.google.com/maps/place/Kothule%27s+Classes+Science,+Patoda/data=!4m7!3m6!1s0x3bc4c5b75955fb2d:0x35d235ec2e2ccd4e!8m2!3d18.7999526!4d75.4814031!16s%2Fg%2F11vl30hsql!19sChIJLftVWbfFxDsRTs0sLuw10jU?authuser=0&hl=en&rclk=1",NO_WEBSITE,FULL_LEAD,YES,,not_contacted,,,,,2026-07-02 20:57:27
Bright Academy,8509147217,True,Academy,Beed,Parli,"Khudbe nagar, Parli Vaijnath, Maharashtra 431515",,9,,,,8509147217,https://www.google.com/maps/place/Bright+Academy/data=!4m7!3m6!1s0x3bcff7bb09ff9a9f:0x9c22a1a3902c9cb8!8m2!3d18.8533625!4d76.5359983!16s%2Fg%2F11ks218819!19sChIJn5r_Cbv3zzsRuJwskKOhIpw?authuser=0&hl=en&rclk=1,NO_WEBSITE,FULL_LEAD,YES,,not_contacted,,,,,2026-07-02 20:57:27
Diamond Coaching Classes Patoda Main Road Patoda Tq.. Patoda Dist. Beed,6916281531,True,Competitive Exam Classes,Beed,Patoda,"Raimoha - Patoda Rd, near pariwar super market, TQ, Patoda, Maharashtra 414204",,,,,,6916281531,"https://www.google.com/maps/place/Diamond+Coaching+classes,+patoda,+Main+road+patoda,+TQ..+Patoda+Dist.+Beed/data=!4m7!3m6!1s0x3bc4cf5a26731f77:0x3af9473d96fc41fd!8m2!3d18.8043238!4d75.4817535!16s%2Fg%2F11x78hjlds!19sChIJdx9zJlrPxDsR_UH8lj1H-To?authuser=0&hl=en&rclk=1",NO_WEBSITE,FULL_LEAD,YES,,not_contacted,,,,,2026-07-02 20:57:27
Evolution Career Academy,8509147217,True,Academy,Beed,Parli,"industrial area, Nath Rd, behind kothari furniture, Habib Pura, Parli Vaijnath, Maharashtra 431515",,,,,,8509147217,https://www.google.com/maps/place/EVOLUTION+Career+Academy/data=!4m7!3m6!1s0x3bcff701ee7a1a7f:0x550e2b9911c9ce70!8m2!3d18.846591!4d76.528031!16s%2Fg%2F11nx3jd5mm!19sChIJfxp67gH3zzsRcM7JEZkrDlU?authuser=0&hl=en&rclk=1,NO_WEBSITE,FULL_LEAD,YES,,not_contacted,,,,,2026-07-02 20:57:27
Indian Math Hacker Coching Classes Wadwani,9196641003,True,Tutorials,Beed,Wadwani,"X2QR Q3R, Gopal Nagar, Samarth Nagar, Wadwani, Maharashtra 431144",,2,,,,9196641003,https://www.google.com/maps/place/Indian+math+Hacker+coching+classes+Wadwani/data=!4m7!3m6!1s0x3bc5350067ba9e01:0xf2826793052dd7d6!8m2!3d18.9892577!4d76.0399846!16s%2Fg%2F11lf4yj0mb!19sChIJAZ66ZwA1xTsR1tctBZNngvI?authuser=0&hl=en&rclk=1,NO_WEBSITE,FULL_LEAD,YES,,not_contacted,,,,,2026-07-02 20:57:27
Pravin Coaching Clasees Patoda,8509147217,True,Tuition Classes,Beed,Patoda,"RF2J 3H7, Patoda, Maharashtra 414204",,,,,,8509147217,"https://www.google.com/maps/place/Pravin+Coaching+Clasees,+Patoda/data=!4m7!3m6!1s0x3bc4c51e637e729f:0xab14964fb1da1465!8m2!3d18.8002053!4d75.4814287!16s%2Fg%2F11l6gmtc69!19sChIJn3J-Yx7FxDsRZRTasU-WFKs?authuser=0&hl=en&rclk=1",NO_WEBSITE,FULL_LEAD,YES,,not_contacted,,,,,2026-07-02 20:57:27
Sai Career Academy,8509147217,True,Academy,Beed,Parli,"RGPH WCP, Jalalpur, Malik Pura, Parli Vaijnath, Parli rural, Maharashtra 431515",,,,,,8509147217,https://www.google.com/maps/place/SAI+CAREER+ACADEMY/data=!4m7!3m6!1s0x3bcff7005ee4deb3:0xcbd1a2769dbe2cb6!8m2!3d18.8373318!4d76.5285673!16s%2Fg%2F11vx9qsl58!19sChIJs97kXgD3zzsRtiy-nXai0cs?authuser=0&hl=en&rclk=1,NO_WEBSITE,FULL_LEAD,YES,,not_contacted,,,,,2026-07-02 20:57:27
Shri Sai Science Institute,6916281531,True,Tuition Classes,Beed,Dharur,"Kashinath chowk, Rangar Galli, Dharur, Maharashtra 431124",,,,,,6916281531,https://www.google.com/maps/place/Shri+Sai+Science+Institute/data=!4m7!3m6!1s0x3bc547efd48712ad:0x9f4378f0f5b3881b!8m2!3d18.8199603!4d76.1084648!16s%2Fg%2F11xyml6my2!19sChIJrRKH1O9HxTsRG4iz9fB4Q58?authuser=0&hl=en&rclk=1,NO_WEBSITE,FULL_LEAD,YES,,not_contacted,,,,,2026-07-02 20:57:27
Yashada Classes,8509147217,True,Tutorials,Beed,Patoda,"QFXJ XHP, Patoda, Maharashtra 414204",,,,,,8509147217,https://www.google.com/maps/place/Yashada+Classes/data=!4m7!3m6!1s0x3bc4c5e926ee028d:0xe777c6fa1fdaec52!8m2!3d18.8000231!4d75.4813753!16s%2Fg%2F11vhx55lkf!19sChIJjQLuJunFxDsRUuzaH_rGd-c?authuser=0&hl=en&rclk=1,NO_WEBSITE,FULL_LEAD,YES,,not_contacted,,,,,2026-07-02 20:57:27
ज्ञानदीप क्लासेस पाटोदा,8509147217,True,MHT CET Classes,Beed,Patoda,"Mahasangvi Rd, Patoda, Maharashtra 414204",5.0,,,,,8509147217,"https://www.google.com/maps/place/%E0%A4%9C%E0%A5%8D%E0%A4%9E%E0%A4%BE%E0%A4%A8%E0%A4%A6%E0%A5%80%E0%A4%AA+%E0%A4%95%E0%A5%8D%E0%A4%B2%E0%A4%BE%E0%A4%B8%E0%A5%87%E0%A4%B8,%E0%A4%AA%E0%A4%BE%E0%A4%9F%E0%A5%8B%E0%A4%A6%E0%A4%BE/data=!4m7!3m6!1s0x3bc4c5a0cc018f13:0x2c26dec5796a8c96!8m2!3d18.8010083!4d75.4781222!16s%2Fg%2F11q2j_bcjh!19sChIJE48BzKDFxDsRloxqecXeJiw?authuser=0&hl=en&rclk=1",NO_WEBSITE,FULL_LEAD,YES,,not_contacted,,,,,2026-07-02 20:57:27
अभिश्री कोचिंग क्लासेस & स्पर्धा परीक्षा व इंग्लिश ग्रामर केंद्र कोथुर्ण,6916281531,True,Competitive Exam Classes,Beed,Patoda,"6PJ3 G8R, Kothurna, Maharashtra 441905",4.9,8,,,,6916281531,https://www.google.com/maps/place/%E0%A4%85%E0%A4%AD%E0%A4%BF%E0%A4%B6%E0%A5%8D%E0%A4%B0%E0%A5%80+%E0%A4%95%E0%A5%8B%E0%A4%9A%E0%A4%BF%E0%A4%82%E0%A4%97+%E0%A4%95%E0%A5%8D%E0%A4%B2%E0%A4%BE%E0%A4%B8%E0%A5%87%E0%A4%B8+%26+%E0%A4%B8%E0%A5%8D%E0%A4%AA%E0%A4%B0%E0%A5%8D%E0%A4%A7%E0%A4%BE+%E0%A4%AA%E0%A4%B0%E0%A5%80%E0%A4%95%E0%A5%8D%E0%A4%B7%E0%A4%BE+%E0%A4%B5+%E0%A4%87%E0%A4%82%E0%A4%97%E0%A5%8D%E0%A4%B2%E0%A4%BF%E0%A4%B6+%E0%A4%97%E0%A5%8D%E0%A4%B0%E0%A4%BE%E0%A4%AE%E0%A4%B0+%E0%A4%95%E0%A5%87%E0%A4%82%E0%A4%A6%E0%A5%8D%E0%A4%B0+%E0%A4%95%E0%A5%8B%E0%A4%A5%E0%A5%81%E0%A4%B0%E0%A5%8D%E0%A4%A3/data=!4m7!3m6!1s0x3a2b3fe80228df23:0x8939c6b4bbd3dfa2!8m2!3d21.2313531!4d79.7032574!16s%2Fg%2F11l5f1z53n!19sChIJI98oAug_KzoRot_Tu7TGOYk?authuser=0&hl=en&rclk=1,NO_WEBSITE,FULL_LEAD,YES,,not_contacted,,,,,2026-07-02 20:57:27
Yash Computer Education Parli Vaijnath,8509147217,True,Computer Institute,Beed,Parli,"43 ARUNODAYA MARKET, I/F AXIX BANK, Parli Vaijnath, Maharashtra 431515",4.3,7,,,,8509147217,"https://www.google.com/maps/place/YASH+COMPUTER+EDUCATION,+PARLI+VAIJNATH/data=!4m7!3m6!1s0x3bcff71a29f43f65:0x6d32c763acbe9b77!8m2!3d18.847211!4d76.5273877!16s%2Fg%2F11f4m5q5jl!19sChIJZT_0KRr3zzsRd5u-rGPHMm0?authuser=0&hl=en&rclk=1",NO_WEBSITE,FULL_LEAD,YES,,not_contacted,,,,,2026-07-02 20:57:27
Siddheshwar English School,9196641003,True,Academy,Beed,Shirur Kasar,"3C4J Q6Q, Shirur Kasar, Maharashtra 413249",2.3,3,,,,9196641003,https://www.google.com/maps/place/Siddheshwar+english+school/data=!4m7!3m6!1s0x3bdb35005e82b959:0x6d4da4252c7427d4!8m2!3d19.0574389!4d75.4311395!16s%2Fg%2F11w7wk21pl!19sChIJWbmCXgA12zsR1Cd0LCWkTW0?authuser=0&hl=en&rclk=1,NO_WEBSITE,FULL_LEAD,YES,,not_contacted,,,,,2026-07-02 20:57:27
Government Iti Shirur Kasar,9196641003,True,Training Institute,Beed,Shirur Kasar,"3CC3 9M9, Shirur Kasar, Warni, Maharashtra 413249",1.5,,,,,9196641003,"https://www.google.com/maps/place/Government+ITI,Shirur+Kasar/data=!4m7!3m6!1s0x3bdb34733f12ae33:0x3487605f08ca1c94!8m2!3d19.0709038!4d75.4042423!16s%2Fg%2F11g03j6nvx!19sChIJM64SP3M02zsRlBzKCF9ghzQ?authuser=0&hl=en&rclk=1",NO_WEBSITE,FULL_LEAD,YES,,not_contacted,,,,,2026-07-02 20:57:27
Maharani Tarabai Vidhyalaya Wadwani,9196641003,True,Academy,Beed,Wadwani,"X2PR Q75, Wadwani - Chinchwan Rd, Wadwani, Maharashtra 431144",1.0,,,,,9196641003,"https://www.google.com/maps/place/Maharani+Tarabai+Vidhyalaya,+Wadwani/data=!4m7!3m6!1s0x3bc53500736bd3cd:0x55f334a6750ad2a1!8m2!3d18.9868756!4d76.0407446!16s%2Fg%2F11c6s2fls3!19sChIJzdNrcwA1xTsRodIKdaY081U?authuser=0&hl=en&rclk=1",NO_WEBSITE,FULL_LEAD,YES,,not_contacted,,,,,2026-07-02 20:57:27
Eklavya Vidyalaya Shirur Kasar,9196641003,True,Academy,Beed,Shirur Kasar,"Dwarka Complex, Shirur Kasar, Maharashtra 413249",,,,,,9196641003,"https://www.google.com/maps/place/Eklavya+Vidyalaya,Shirur+Kasar/data=!4m7!3m6!1s0x3bdb35f3d2fd8ca7:0x5042a01300c1bb5b!8m2!3d19.0619528!4d75.4276862!16s%2Fg%2F11k3ylcqn1!19sChIJp4z90vM12zsRW7vBABOgQlA?authuser=0&hl=en&rclk=1",NO_WEBSITE,FULL_LEAD,YES,,not_contacted,,,,,2026-07-02 20:57:27
Tapadiya Study Center,6916281531,True,Study Center,Beed,Patoda,"XQR4 PC7, Bir, Beed, Maharashtra 431122",3.6,5,,,,6916281531,https://www.google.com/maps/place/TAPADIYA+STUDY+CENTER/data=!4m7!3m6!1s0x3bc52adeeb807cd1:0x67ccc5a4760a24e3!8m2!3d18.9917984!4d75.7560326!16s%2Fg%2F11bw56dqzd!19sChIJ0XyA694qxTsR4yQKdqTFzGc?authuser=0&hl=en&rclk=1,NO_WEBSITE,FULL_LEAD,YES,,not_contacted,,,,,2026-07-02 20:57:27
Shri Chintamani Computer Center,8509147217,True,Computer Institute,Beed,Parli,"Gharnikar Rd, Behind NATRAJ RANG MANDIR, Habib Pura, Parli Vaijnath, Maharashtra 431515",3.5,2,,,,8509147217,https://www.google.com/maps/place/Shri+Chintamani+Computer+Center/data=!4m7!3m6!1s0x3bcff7247c4947bb:0xae8d6e67ec0f58c4!8m2!3d18.8454455!4d76.5319045!16s%2Fg%2F1hjhd3z64!19sChIJu0dJfCT3zzsRxFgP7Gduja4?authuser=0&hl=en&rclk=1,NO_WEBSITE,FULL_LEAD,YES,,not_contacted,,,,,2026-07-02 20:57:27
Crystal Study Room,6916281531,True,Study Center,Beed,Patoda,"RF3J PM5, Patoda, Maharashtra 414204",,3,,,,6916281531,https://www.google.com/maps/place/Crystal+Study+Room/data=!4m7!3m6!1s0x3bc4cf007b7fc775:0x93e2218bd083c825!8m2!3d18.8043005!4d75.481782!16s%2Fg%2F11msgpcw7y!19sChIJdcd_ewDPxDsRJciD0Ish4pM?authuser=0&hl=en&rclk=1,NO_WEBSITE,FULL_LEAD,YES,,not_contacted,,,,,2026-07-02 20:57:27
Om Study Point,8509147217,True,Study Center,Beed,Parli,"RGXM F7R, Peth Mohallah, Parli Vaijnath, Maharashtra 431520",,7,,,,8509147217,https://www.google.com/maps/place/OM+STUDY+POINT/data=!4m7!3m6!1s0x3bcff78c90e5294b:0xde61befa8c008ce0!8m2!3d18.8487434!4d76.5331269!16s%2Fg%2F11qpdz37w_!19sChIJSynlkIz3zzsR4IwAjPq-Yd4?authuser=0&hl=en&rclk=1,NO_WEBSITE,FULL_LEAD,YES,,not_contacted,,,,,2026-07-02 20:57:27
Shree Ganesh Computer Center Wadwani,9196641003,True,Computer Institute,Beed,Wadwani,"INFRONT OF PANCHAYAT SAMITI, near LOKMANYA TILAK COLLEGE, Wadwani, Maharashtra 431144",,,,,,9196641003,"https://www.google.com/maps/place/Shree+ganesh+computer+Center,+Wadwani/data=!4m7!3m6!1s0x3bc5359a8097d2d1:0x8f233f9a48e5ece5!8m2!3d18.9912687!4d76.044196!16s%2Fg%2F11yy400lly!19sChIJ0dKXgJo1xTsR5ezlSJo_I48?authuser=0&hl=en&rclk=1",NO_WEBSITE,FULL_LEAD,YES,,not_contacted,,,,,2026-07-02 20:57:27
Foundation School,8509147217,True,Academy,Beed,Parli,"NATRAJ RANG MANDIR, Habib Pura, Parli rural, Parli Vaijnath, Maharashtra 431515",,8,,,,8509147217,https://www.google.com/maps/place/Foundation+School/data=!4m7!3m6!1s0x3bcff7237be197d9:0x49cba55f2a390179!8m2!3d18.8467499!4d76.5318145!16s%2Fg%2F11c3s8xjqb!19sChIJ2ZfheyP3zzsReQE5Kl-ly0k?authuser=0&hl=en&rclk=1,NO_WEBSITE,FULL_LEAD,YES,,not_contacted,,,,,2026-07-02 20:57:27
