Lead Score,Priority,Class Name,Category,Rating,Reviews,Mobile,WhatsApp,Website,Address,Taluka,District,Google Maps Name Link,Reason Why Good Client
70,HIGH PRIORITY,CA Vision Academy Best CA CS CMA Live All Level Coaching Ahilyanagar,"Commerce Classes, CA, Tuition",5.0,161,9404911581,9404911581,https://cavisionacademy.com,"Tarakpur, Ahmednagar",,Ahmednagar,https://www.google.com/maps/place/CA Vision Academy BEST CA CS CMA LIVE ALL LEVEL COACHING AHILYANAGAR/data=!4m7!3m6!1s0x3bdcb1fac41dd6a9:0x65aec976a8e85ba4!8m2!3d19.1020665!4d74.7385213!16s/g/11vyq3kl9z!19sChIJqdYdxPqx3DsRpFvoqHbJrmU,strong rating; 100+ reviews; mobile/WhatsApp reachable; education keyword match
70,HIGH PRIORITY,Inspire Abacus & Vedic Math Academy,"Tuition, Mathematics, Abacus, Vedic Maths",5.0,108,9881837277,9881837277,http://inspireabacus.com,"Iwale Nagar, Ahmednagar",,Ahmednagar,https://www.google.com/maps/place/Inspire Abacus & Vedic Math Academy/data=!4m7!3m6!1s0x3bdcb15fc3d6c31f:0xf0cfeb52da3bd5f2!8m2!3d19.0766794!4d74.7483221!16s/g/11t88s_jh7!19sChIJH8PWw1-x3DsR8tU72lLrz_A,strong rating; 100+ reviews; mobile/WhatsApp reachable; education keyword match
70,HIGH PRIORITY,Sayu Softtech Software Solution & Corporate Training,"Computer Classes, Tuition",5.0,356,8459002270,8459002270,http://sayusofttech.com,"Savedi, Ahmednagar",,Ahmednagar,https://www.google.com/maps/place/Sayu Softtech Software Solution & Corporate Training/data=!4m7!3m6!1s0x3bdcbb2113d94731:0x280756c8278fd06a!8m2!3d19.1253428!4d74.7484907!16s/g/11sx0gdrwq!19sChIJMUfZEyG73DsRatCPJ8hWByg,strong rating; 100+ reviews; mobile/WhatsApp reachable; education keyword match
70,HIGH PRIORITY,Todmal Commerce Academy,"Commerce Classes, Tuition",5.0,323,9960098090,9960098090,http://todmalsacademy.com,"Oppo. Ashirwad Chiwada, Ahmednagar",,Ahmednagar,https://www.google.com/maps/place/TODMAL COMMERCE ACADEMY/data=!4m7!3m6!1s0x3bdcb08a1d6c47dd:0xbe2533b1aeb1b19c!8m2!3d19.0956179!4d74.7328733!16s/g/11c5g8v242!19sChIJ3UdsHYqw3DsRnLGxrrEzJb4,strong rating; 100+ reviews; mobile/WhatsApp reachable; education keyword match
70,HIGH PRIORITY,A2z It Hub Pvt. Ltd.,"Computer Classes, Tuition",4.9,344,9011144920,9011144920,http://a2zithub.org,"Bagade Mala, Ahmednagar",,Ahmednagar,https://www.google.com/maps/place/A2Z IT HUB PVT. LTD./data=!4m7!3m6!1s0x3bdcb17ca9d749e5:0x516744f9b2f35ec9!8m2!3d19.1053687!4d74.7303281!16s/g/11fqkx4vh6!19sChIJ5UnXqXyx3DsRyV7zsvlEZ1E,strong rating; 100+ reviews; mobile/WhatsApp reachable; education keyword match
70,HIGH PRIORITY,Asus Exclusive Store,"Computer Classes, Tuition",4.9,2142,8037016502,8037016502,https://shopnearme.asus.com,"Savedi, Ahmednagar",,Ahmednagar,https://www.google.com/maps/place/ASUS Exclusive Store - Inspire Computers/data=!4m7!3m6!1s0x3bdcbbb5b60b1eb5:0xeaba26049eff374b!8m2!3d19.1149101!4d74.7302958!16s/g/11nlgg1g8y!19sChIJtR4LtrW73DsRSzf_ngQmuuo,strong rating; 100+ reviews; mobile/WhatsApp reachable; education keyword match
70,HIGH PRIORITY,Disha Computer Institute,"Computer Classes, Tuition",4.9,250,9921174240,9921174240,http://dishagroup.in,"Pipeline Rd, Ahmednagar",,Ahmednagar,https://www.google.com/maps/place/DISHA COMPUTER INSTITUTE - BHISTBAG CHOWK PIPELINE ROAD SAVEDI AHILYANAGAR/data=!4m7!3m6!1s0x3bdcba626b6587c1:0x9373ff0942821df1!8m2!3d19.1290214!4d74.7325642!16s/g/11gdyvszrq!19sChIJwYdla2K63DsR8R2CQgn_c5M,strong rating; 100+ reviews; mobile/WhatsApp reachable; education keyword match
70,HIGH PRIORITY,Disha Computer Institute Ahmednagar Best Computer Institute For Tally Graphic Design Coding C Programming Near Old Stand,"Computer Classes, Tuition",4.9,577,9371151769,9371151769,http://dishagroup.in,"Maliwada, Ahmednagar",,Ahmednagar,"https://www.google.com/maps/place/DISHA COMPUTER INSTITUTE AHMEDNAGAR BEST COMPUTER INSTITUTE FOR TALLY, Graphic Design, Coding, C Programming Near Old Stand/data=!4m7!3m6!1s0x3bdcb1eabf3fca07:0xd26b843ff5d3a94f!8m2!3d19.0866579!4d74.7375521!16s/g/11h7kvvll9!19sChIJB8o_v-qx3DsRT6nT9T-Ea9I",strong rating; 100+ reviews; mobile/WhatsApp reachable; education keyword match
80,HIGH PRIORITY,Hi Tech Computer Education Mkcl Authorize Center,"Computer Classes, Tuition",4.9,192,8007521808,8007521808,https://g.page,"Savedi, Ahmednagar",,Ahmednagar,https://www.google.com/maps/place/Hi-Tech Computer Education- MKCL Authorize center/data=!4m7!3m6!1s0x3bdcbb45c7e2a4df:0x99170870b428a5ee!8m2!3d19.128727!4d74.7373334!16s/g/11h1knp9h2!19sChIJ36Tix0W73DsR7qUotHAIF5k,strong rating; 100+ reviews; mobile/WhatsApp reachable; education keyword match; possible multiple branches
70,HIGH PRIORITY,Kd's Classes Ahilyanagar,"CET, Tuition",4.9,438,9511677064,9511677064,http://kdsclass.com,"Savedi, Ahmednagar",,Ahmednagar,"https://www.google.com/maps/place/KD's Classes, Ahilyanagar/data=!4m7!3m6!1s0x3bdcba85f781f58d:0x3addc1c9387a7f10!8m2!3d19.1170543!4d74.7358786!16s/g/11m_vyv03r!19sChIJjfWB94W63DsREH96OMnB3To",strong rating; 100+ reviews; mobile/WhatsApp reachable; education keyword match
70,HIGH PRIORITY,Success Science Academy,"IIT JEE, NEET, CET, Tuition, Science",4.9,505,8830002899,8830002899,https://successscienceacademy.com,"Savedi, Ahmednagar",,Ahmednagar,https://www.google.com/maps/place/Success Science Academy NEET JEE MHT-CET Classes/data=!4m7!3m6!1s0x3bdcbbac31d4779d:0x7447213f587c2f28!8m2!3d19.123545!4d74.7304099!16s/g/11q1lg0drf!19sChIJnXfUMay73DsRKC98WD8hR3Q,strong rating; 100+ reviews; mobile/WhatsApp reachable; education keyword match
70,HIGH PRIORITY,Global Vision Spoken English Academy L Gva L Global English App Live Online Class L Best Offline Spoken English Class,"Banking, Spoken English, Tuition, English Academy",4.8,543,7066996996,7066996996,http://globalenglishapp.com,"Sudke Mala, Ahmednagar",,Ahmednagar,https://www.google.com/maps/place/Global Vision Spoken English Academy l GVA l Global English App Live Online class l Best Offline Spoken English Class/data=!4m7!3m6!1s0x3bdcb1543c47755f:0xaaf414261fb73b47!8m2!3d19.1053501!4d74.730319!16s/g/11rltfwmnc!19sChIJX3VHPFSx3DsRRzu3HyYU9Ko,strong rating; 100+ reviews; mobile/WhatsApp reachable; education keyword match
70,HIGH PRIORITY,Ica Edu Skills Accounting And Taxation Training Institute Ahilyanagar,"UPSC, Commerce Classes",4.8,110,8600020207,8600020207,https://icajobguarantee.com,"Mahavir Nagar, Ahmednagar",,Ahmednagar,https://www.google.com/maps/place/ICA Edu Skills Accounting and Taxation Training Institute Ahilyanagar/data=!4m7!3m6!1s0x3bdcb080336c9ab5:0xa2eed056ded46217!8m2!3d19.1121688!4d74.730941!16s/g/11c57d1s1c!19sChIJtZpsM4Cw3DsRF2LU3lbQ7qI,strong rating; 100+ reviews; mobile/WhatsApp reachable; education keyword match
70,HIGH PRIORITY,Shri Sandipani Academy Ahilyanagar,Tuition,4.8,588,7501988988,7501988988,http://shrisandipaniacademy.in,"Bhistabag, Ahmednagar",,Ahmednagar,https://www.google.com/maps/place/Shri Sandipani Academy Ahilyanagar/data=!4m7!3m6!1s0x3bdcbbe52cd56be9:0xce4b17aac19a853f!8m2!3d19.1285841!4d74.7392497!16s/g/11h3qbvx49!19sChIJ6WvVLOW73DsRP4WawaoXS84,strong rating; 100+ reviews; mobile/WhatsApp reachable; education keyword match
70,HIGH PRIORITY,Omkar Computers,"Computer Classes, Tuition",4.7,259,8626021623,8626021623,http://omkarcomputers.com,"Bhingar, Bhingar",,Ahmednagar,https://www.google.com/maps/place/OMKAR COMPUTERS/data=!4m7!3m6!1s0x3bdb570361feb0cf:0x753cd8f390f97af7!8m2!3d19.0934558!4d74.7789627!16s/g/11f8hscgjl!19sChIJz7D-YQNX2zsR93r5kPPYPHU,strong rating; 100+ reviews; mobile/WhatsApp reachable; education keyword match
70,HIGH PRIORITY,Shrikrishna Institute,"Spoken English, Tuition, English Academy",4.7,108,7058686100,7058686100,http://krishnainsti.com,"Sarjepura City, Ahmednagar",,Ahmednagar,https://www.google.com/maps/place/Shrikrishna Institute/data=!4m7!3m6!1s0x3bdcb0628bccfd23:0xb61ae228fc0b6f87!8m2!3d19.098975!4d74.7332279!16s/g/12hpr36gb!19sChIJI_3Mi2Kw3DsRh28L_CjiGrY,strong rating; 100+ reviews; mobile/WhatsApp reachable; education keyword match
70,HIGH PRIORITY,Disha Computer Institute In Ahmednagar Best Computer Class For Tally Graphic Design Coding C Programming In Delhi Gate,"Computer Classes, Tuition",4.6,365,9371051769,9371051769,http://dishagroup.in,"Sarjepura City, Ahmednagar",,Ahmednagar,"https://www.google.com/maps/place/Disha Computer Institute in Ahmednagar Best Computer Class for Tally, Graphic Design, Coding, C Programming In Delhi Gate/data=!4m7!3m6!1s0x3bdcb0615555554f:0xe147efa995929e2!8m2!3d19.097643!4d74.7322814!16s/g/11c6cxvznj!19sChIJT1VVVWGw3DsR4ilZmfp-FA4",strong rating; 100+ reviews; mobile/WhatsApp reachable; education keyword match
70,HIGH PRIORITY,Rb Tech Services,"Computer Classes, Tuition",4.5,1072,9119431984,9119431984,https://rbtechservices.in,"Anandi Bazaar, Ahmednagar",,Ahmednagar,https://www.google.com/maps/place/RB Tech Services/data=!4m7!3m6!1s0x3bdcb197a3cb41f5:0x500872aa972c85b0!8m2!3d19.094984!4d74.73459!16s/g/11h9z7nvwx!19sChIJ9UHLo5ex3DsRsIUsl6pyCFA,strong rating; 100+ reviews; mobile/WhatsApp reachable; education keyword match
70,HIGH PRIORITY,J.j Science Academy Ahilyanagar,"Tuition, Science",4.4,147,9604225588,9604225588,https://jjsa.in,"Pipeline Rd, Savedi",,Ahmednagar,"https://www.google.com/maps/place/J.J Science Academy,Ahilyanagar/data=!4m7!3m6!1s0x3bdcb1031c01e5d7:0x11ba34a0abe63e60!8m2!3d19.1256374!4d74.7485889!16s/g/11gnsp04ph!19sChIJ1-UBHAOx3DsRYD7mq6A0uhE",strong rating; 100+ reviews; mobile/WhatsApp reachable; education keyword match
90,HIGH PRIORITY,Ahuja Classes,Tuition,5.0,184,9850063399,9850063399,,"Ahmednagar, Ahmednagar",,Ahmednagar,https://www.google.com/maps/place/AHUJA CLASSES/data=!4m7!3m6!1s0x3bdcb1e5b91abbbd:0x59cf8524edade33!8m2!3d19.1119137!4d74.7275522!16s/g/11f61fjy7j!19sChIJvbsaueWx3DsRM97aTlL4nAU,strong rating; 100+ reviews; no website; mobile/WhatsApp reachable; education keyword match
70,HIGH PRIORITY,Aims Aryabhatt Institute Of Mathematics & Sciences,"Tuition, Mathematics",5.0,24,8446723960,8446723960,,"Savedi, Ahmednagar",,Ahmednagar,https://www.google.com/maps/place/AIMS Aryabhatt Institute of Mathematics & Sciences/data=!4m7!3m6!1s0x3bdcbbbc47d97d27:0xd7b57adbf782f081!8m2!3d19.1204319!4d74.7313898!16s/g/11jfcwqc01!19sChIJJ33ZR7y73DsRgfCC99t6tdc,strong rating; no website; mobile/WhatsApp reachable; education keyword match
70,HIGH PRIORITY,Ambition Science NEET Academy,NEET,5.0,1,9067795407,9067795407,,"Savedi, Ahmednagar",,Ahmednagar,https://www.google.com/maps/place/ambition SCIENCE NEET ACADEMY/data=!4m7!3m6!1s0x3bdcba7db60f8e3d:0xeb79055817362c65!8m2!3d19.1203914!4d74.7311846!16s/g/11l6tlyvyh!19sChIJPY4Ptn263DsRZSw2F1gFees,strong rating; no website; mobile/WhatsApp reachable; education keyword match
70,HIGH PRIORITY,Apprize Tutorials,"Commerce Classes, Tuition",5.0,1,9923136446,9923136446,,"Nalegaon, Ahmednagar",,Ahmednagar,https://www.google.com/maps/place/AppriZe Tutorials/data=!4m7!3m6!1s0x3bdcb174638f9d27:0x5c5eed08f1ceb74!8m2!3d19.0967755!4d74.7373284!16s/g/11r5syfybk!19sChIJJ52PY3Sx3DsRdOscj9DuxQU,strong rating; no website; mobile/WhatsApp reachable; education keyword match
70,HIGH PRIORITY,Asha Computer Typing Institute,"Computer Classes, Tuition",5.0,1,9225730429,9225730429,,"Savedi, Ahmednagar",,Ahmednagar,https://www.google.com/maps/place/Asha Computer Typing Institute/data=!4m7!3m6!1s0x3bdcba7e7c000001:0xb696b432a57c1f72!8m2!3d19.1192096!4d74.7316867!16s/g/11c2prnhlt!19sChIJAQAAfH663DsRch98pTK0lrY,strong rating; no website; mobile/WhatsApp reachable; education keyword match
70,HIGH PRIORITY,Ashish Tattu's Excellence Classes,"Spoken English, Tuition, English Academy",5.0,53,9029349483,9029349483,,"Savedi, Ahmednagar",,Ahmednagar,https://www.google.com/maps/place/Ashish Tattu's Excellence Classes/data=!4m7!3m6!1s0x3bdcba7db6227257:0x750996340347862a!8m2!3d19.1215416!4d74.7368891!16s/g/11g892r6j3!19sChIJV3Iitn263DsRKoZHAzSWCXU,strong rating; no website; mobile/WhatsApp reachable; education keyword match
70,HIGH PRIORITY,Atharva Maths Classes,"Tuition, Mathematics",5.0,37,9890664006,9890664006,,"Teli Khunt Rd, Ahmednagar",,Ahmednagar,https://www.google.com/maps/place/Atharva Maths Classes/data=!4m7!3m6!1s0x3bdcb114a03b1689:0x9a72d639aa5cf72e!8m2!3d19.0979087!4d74.7379532!16s/g/11xlb1d_0m!19sChIJiRY7oBSx3DsRLvdcqjnWcpo,strong rating; no website; mobile/WhatsApp reachable; education keyword match
70,HIGH PRIORITY,Blue Diamond Academy School,English Academy,5.0,14,7219336094,7219336094,,"Buypass Rd, Wadgaon Gupta",,Ahmednagar,"https://www.google.com/maps/place/Blue Diamond Academy,School/data=!4m7!3m6!1s0x3bdcbbf47be7758b:0x95dbd86b4e722b4b!8m2!3d19.1703132!4d74.7180708!16s/g/11j10r4r8v!19sChIJi3Xne_S73DsRSytyTmvY25U",strong rating; no website; mobile/WhatsApp reachable; education keyword match
70,HIGH PRIORITY,C Tech Computers Ahmednagar,"Computer Classes, Tuition",5.0,11,9767950501,9767950501,,"Savedi, Ahmednagar",,Ahmednagar,https://www.google.com/maps/place/C-TECH COMPUTERS AHMEDNAGAR/data=!4m7!3m6!1s0x3bdcba8442cb61b1:0x523328ed7254b498!8m2!3d19.1213646!4d74.7417524!16s/g/1v0lj6wr!19sChIJsWHLQoS63DsRmLRUcu0oM1I,strong rating; no website; mobile/WhatsApp reachable; education keyword match
80,HIGH PRIORITY,Cad Hub Skill Training Center,"Computer Classes, Tuition",5.0,3,9850988825,9850988825,,"Sarjepura City, Ahmednagar",,Ahmednagar,https://www.google.com/maps/place/CAD HUB Skill Training Center/data=!4m7!3m6!1s0x3bdcb1000aec6ae3:0x1103bb154415f056!8m2!3d19.097736!4d74.7320359!16s/g/11w1kg2h1s!19sChIJ42rsCgCx3DsRVvAVRBW7AxE,strong rating; no website; mobile/WhatsApp reachable; education keyword match; possible multiple branches
70,HIGH PRIORITY,Core Institute Of Technology Marathi,"Computer Classes, Tuition",5.0,30,8087550366,8087550366,,"Kedgaon, Ahmednagar",,Ahmednagar,https://www.google.com/maps/place/Core Institute of Technology (Marathi: कोअर इन्स्टिटयूट ऑफ टेक्नॉलॉजी)/data=!4m7!3m6!1s0x3bdcb19dd2101605:0x7f61f3e1c56ebb76!8m2!3d19.0753063!4d74.7106417!16s/g/11vm8h8cxs!19sChIJBRYQ0p2x3DsRdrtuxeHzYX8,strong rating; no website; mobile/WhatsApp reachable; education keyword match
70,HIGH PRIORITY,D Net System,"Computer Classes, Tuition",5.0,5,9423216483,9423216483,,"Pipeline Rd, Ahmednagar",,Ahmednagar,https://www.google.com/maps/place/D Net System/data=!4m7!3m6!1s0x3bdcbb22b2de3165:0xcb22173c893e0b61!8m2!3d19.1270667!4d74.7427216!16s/g/11t40x1zdn!19sChIJZTHesiK73DsRYQs-iTwXIss,strong rating; no website; mobile/WhatsApp reachable; education keyword match
90,HIGH PRIORITY,Dambelkar's Spoken English Classes,"Spoken English, Tuition, English Academy",5.0,140,7272886565,7272886565,,"Sudke Mala, Ahmednagar",,Ahmednagar,https://www.google.com/maps/place/Dambelkar's Spoken English Classes/data=!4m7!3m6!1s0x3bdcb1dcaf43fa15:0xa498a096ae0ba5bf!8m2!3d19.1072283!4d74.7301741!16s/g/11n05jsl50!19sChIJFfpDr9yx3DsRv6ULrpagmKQ,strong rating; 100+ reviews; no website; mobile/WhatsApp reachable; education keyword match
70,HIGH PRIORITY,Darkundes Science Classes,"Tuition, Science",5.0,48,9096302244,9096302244,,"Kedgaon, Ahmednagar",,Ahmednagar,https://www.google.com/maps/place/Darkundes Science Classes/data=!4m7!3m6!1s0x3bdcb127f90d7467:0x2f86ed0580a534ad!8m2!3d19.0637828!4d74.6990946!16s/g/11g027rf5b!19sChIJZ3QN-Sex3DsRrTSlgAXthi8,strong rating; no website; mobile/WhatsApp reachable; education keyword match
70,HIGH PRIORITY,Gawali Computer Typing Institute Ahilyanagar,"Computer Classes, Tuition",5.0,3,9028024079,9028024079,,"Maliwada, Ahmednagar",,Ahmednagar,"https://www.google.com/maps/place/Gawali Computer Typing Institute, Ahilyanagar/data=!4m7!3m6!1s0x3bdcb14731b67b55:0xb16066be0c2c4d27!8m2!3d19.0893359!4d74.7356893!16s/g/11xccyn_v3!19sChIJVXu2MUex3DsRJ00sDL5mYLE",strong rating; no website; mobile/WhatsApp reachable; education keyword match
70,HIGH PRIORITY,I Can Training Institute Ahilyanagar,NEET,5.0,21,8668604127,8668604127,,"Savedi, Ahmednagar",,Ahmednagar,https://www.google.com/maps/place/I Can Training Institute Ahilyanagar/data=!4m7!3m6!1s0x3bdcbb1be50cdd4d:0xbcf880ea706d11bd!8m2!3d19.13999!4d74.7419145!16s/g/11ywj62zsp!19sChIJTd0M5Ru73DsRvRFtcOqA-Lw,strong rating; no website; mobile/WhatsApp reachable; education keyword match
90,HIGH PRIORITY,Institute Of Integrated Software,"Computer Classes, Tuition",5.0,117,9763206009,9763206009,,"Sudke Mala, Ahmednagar",,Ahmednagar,https://www.google.com/maps/place/Institute Of Integrated Software/data=!4m7!3m6!1s0x3bdcb087d5ed726d:0xeb6ccdcab82efaa4!8m2!3d19.1018429!4d74.7310831!16s/g/11g8vcdw7w!19sChIJbXLt1Yew3DsRpPouuMrNbOs,strong rating; 100+ reviews; no website; mobile/WhatsApp reachable; education keyword match
70,HIGH PRIORITY,Jain's Coaching Classes,Tuition,5.0,3,9423768691,9423768691,,"Dnyaneshwar Nagar, Ahmednagar",,Ahmednagar,https://www.google.com/maps/place/Jain's coaching classes/data=!4m7!3m6!1s0x3bdcbbfdbafe058f:0x8d67971322921f3!8m2!3d19.130938!4d74.74469!16s/g/11sd65k07l!19sChIJjwX-uv273DsR8yEpMnF51gg,strong rating; no website; mobile/WhatsApp reachable; education keyword match
70,HIGH PRIORITY,Krushna Computer Institute,"Computer Classes, Tuition",5.0,7,8805055929,8805055929,,"Bolhegaon Suburban, Nagapur",,Ahmednagar,https://www.google.com/maps/place/Krushna Computer Institute/data=!4m7!3m6!1s0x3bdcbb1f7f4cdf61:0xbabcf1f71e4b4f30!8m2!3d19.1357553!4d74.7074735!16s/g/11tp77krkd!19sChIJYd9Mfx-73DsRME9LHvfxvLo,strong rating; no website; mobile/WhatsApp reachable; education keyword match
70,HIGH PRIORITY,Maths World Academy,"IIT JEE, Mathematics",5.0,26,7020844450,7020844450,,"Bhistabag, Ahmednagar",,Ahmednagar,https://www.google.com/maps/place/Maths World Academy/data=!4m7!3m6!1s0x3bdcbb55217d70a1:0x2d01fb4ce017bd04!8m2!3d19.1292841!4d74.7320018!16s/g/11fkdyqj07!19sChIJoXB9IVW73DsRBL0X4Ez7AS0,strong rating; no website; mobile/WhatsApp reachable; education keyword match
70,HIGH PRIORITY,Modern English School,"English Academy, Kids Learning",5.0,1,9404174250,9404174250,,"Bhingar, Nagardeole",,Ahmednagar,https://www.google.com/maps/place/Modern English School/data=!4m7!3m6!1s0x3bdcafb406c9196b:0x4f8e854d653ae0b4!8m2!3d19.1022259!4d74.7808189!16s/g/11khkff03f!19sChIJaxnJBrSv3DsRtOA6ZU2Fjk8,strong rating; no website; mobile/WhatsApp reachable; education keyword match
70,HIGH PRIORITY,Newton Science Academy,"NEET, Science",5.0,5,9511798538,9511798538,,"Mukundnagar, Ahmednagar",,Ahmednagar,https://www.google.com/maps/place/Newton Science Academy/data=!4m7!3m6!1s0x3bdcb18fccc870ad:0xfc5a5bd4c33f05ad!8m2!3d19.1077998!4d74.7524054!16s/g/11qb3gvpxv!19sChIJrXDIzI-x3DsRrQU_w9RbWvw,strong rating; no website; mobile/WhatsApp reachable; education keyword match
70,HIGH PRIORITY,Novel Abacus Academy Class,"Tuition, Mathematics, Abacus",5.0,1,7588541302,7588541302,,"Savedi, Ahmednagar",,Ahmednagar,https://www.google.com/maps/place/Novel Abacus Academy Class/data=!4m7!3m6!1s0x3bdcbb1a6df88409:0xcae763a12deab784!8m2!3d19.1153123!4d74.7240768!16s/g/11lr7bx7y3!19sChIJCYT4bRq73DsRhLfqLaFj58o,strong rating; no website; mobile/WhatsApp reachable; education keyword match
70,HIGH PRIORITY,Onboard English Phonics Class Shital Swapnil Bihani,"Spoken English, Tuition, English Academy, Kids Learning",5.0,8,9370758673,9370758673,,"Tarakpur, Ahmednagar",,Ahmednagar,https://www.google.com/maps/place/Onboard English Phonics class Shital Swapnil Bihani/data=!4m7!3m6!1s0x3bdcb1220558eab7:0x1d802c3e7b211baa!8m2!3d19.1064405!4d74.7355315!16s/g/11w1sj5kjy!19sChIJt-pYBSKx3DsRqhshez4sgB0,strong rating; no website; mobile/WhatsApp reachable; education keyword match
70,HIGH PRIORITY,S&s Academy Of Science And Commerce,"Commerce Classes, Science",5.0,3,9325363746,9325363746,,"Bolhegaon Suburban, Nagapur",,Ahmednagar,https://www.google.com/maps/place/S&S Academy Of Science And Commerce/data=!4m7!3m6!1s0x3bdcbb660b5a1bb5:0x87ecef81d5c6a301!8m2!3d19.1359122!4d74.7109121!16s/g/11s49pnfs_!19sChIJtRtaC2a73DsRAaPG1YHv7Ic,strong rating; no website; mobile/WhatsApp reachable; education keyword match
70,HIGH PRIORITY,Shinde's Commerce Academy,"Banking, Commerce Classes",5.0,6,9273990638,9273990638,,"Tarakpur, Ahmednagar",,Ahmednagar,https://www.google.com/maps/place/SHINDE'S COMMERCE ACADEMY/data=!4m7!3m6!1s0x3bdcb1caca9eb4ef:0x99ee44e0050b5cc0!8m2!3d19.102072!4d74.7333281!16s/g/11hz3j1s48!19sChIJ77Seysqx3DsRwFwLBeBE7pk,strong rating; no website; mobile/WhatsApp reachable; education keyword match
70,HIGH PRIORITY,Shreee Ganesh Classes,Tuition,5.0,60,9834768688,9834768688,,"Tarakpur, Ahmednagar",,Ahmednagar,https://www.google.com/maps/place/Shreee Ganesh Classes !/data=!4m7!3m6!1s0x3bdcb06155555555:0xc2c3ca8ce6a03bee!8m2!3d19.1045988!4d74.7363815!16s/g/11hbt4tk_7!19sChIJVVVVVWGw3DsR7jug5ozKw8I,strong rating; no website; mobile/WhatsApp reachable; education keyword match
70,HIGH PRIORITY,Shriji Mathematics Academy,"Tuition, Mathematics",5.0,4,9922664047,9922664047,,"Savedi, Ahmednagar",,Ahmednagar,https://www.google.com/maps/place/Shriji mathematics academy/data=!4m7!3m6!1s0x3bdcbba2dc622657:0x165e469e27bf5440!8m2!3d19.1209717!4d74.7429199!16s/g/11gwmgrtvv!19sChIJVyZi3KK73DsRQFS_J55GXhY,strong rating; no website; mobile/WhatsApp reachable; education keyword match
70,HIGH PRIORITY,Shrikrishna Computer,"Computer Classes, Tuition",5.0,42,9922595929,9922595929,,"Nagapur, Ahmednagar",,Ahmednagar,https://www.google.com/maps/place/Shrikrishna Computer/data=!4m7!3m6!1s0x3bdcba4110ea0067:0xa3af308760ca5cea!8m2!3d19.1395352!4d74.7135155!16s/g/11cs1wl_jw!19sChIJZwDqEEG63DsR6lzKYIcwr6M,strong rating; no website; mobile/WhatsApp reachable; education keyword match
70,HIGH PRIORITY,Stepping Star English Medium School,English Academy,5.0,4,7744844433,7744844433,,"Savedi, Ahmednagar",,Ahmednagar,https://www.google.com/maps/place/Stepping Star English Medium School/data=!4m7!3m6!1s0x3bdcbb95148c9b55:0xbe416de71b75ae89!8m2!3d19.140121!4d74.725445!16s/g/11vbs6xdq4!19sChIJVZuMFJW73DsRia51G-dtQb4,strong rating; no website; mobile/WhatsApp reachable; education keyword match
70,HIGH PRIORITY,Surya Computers,"Computer Classes, Tuition",5.0,2,9765536042,9765536042,,"Jk Rd, Darewadi",,Ahmednagar,https://www.google.com/maps/place/Surya Computers/data=!4m7!3m6!1s0x3bdcb10021585e11:0xd077892851162edf!8m2!3d19.0771917!4d74.7741833!16s/g/11y36b9bdf!19sChIJEV5YIQCx3DsR3y4WUSiJd9A,strong rating; no website; mobile/WhatsApp reachable; education keyword match
70,HIGH PRIORITY,The Ballers Academy,Railway,5.0,49,7030071717,7030071717,,"Anand Nagar, Ahmednagar",,Ahmednagar,https://www.google.com/maps/place/The Ballers Academy/data=!4m7!3m6!1s0x3bdcb177f3de0105:0x1b1b878f5a2f3ad9!8m2!3d19.0778643!4d74.7259656!16s/g/11m4jc1zg6!19sChIJBQHe83ex3DsR2TovWo-HGxs,strong rating; no website; mobile/WhatsApp reachable; education keyword match
80,HIGH PRIORITY,Trill Music Academy Savedi Branch,Tuition,5.0,40,9890998283,9890998283,,"Savedi, Ahmednagar",,Ahmednagar,https://www.google.com/maps/place/Trill Music Academy Savedi Branch/data=!4m7!3m6!1s0x3bdcb17a25d33825:0xa7684659c866fb7e!8m2!3d19.1122751!4d74.7376343!16s/g/11lgqkbq_7!19sChIJJTjTJXqx3DsRfvtmyFlGaKc,strong rating; no website; mobile/WhatsApp reachable; education keyword match; possible multiple branches
70,HIGH PRIORITY,Vastuvit Design Institute Nata Classes Ahmednagar,Tuition,5.0,32,9011630372,9011630372,,"Patrakar Chowk, Ahmednagar",,Ahmednagar,https://www.google.com/maps/place/Vastuvit Design Institute (Nata Classes Ahmednagar)/data=!4m7!3m6!1s0x3bdcbbf649d8ff87:0x2888ba7bcc3082b3!8m2!3d19.1098138!4d74.7332124!16s/g/11pf5wm80n!19sChIJh__YSfa73DsRs4IwzHu6iCg,strong rating; no website; mobile/WhatsApp reachable; education keyword match
70,HIGH PRIORITY,Vidyasagar Gurukul Kid's Academy,English Academy,5.0,1,8788744797,8788744797,,"Bhistabag, Ahmednagar",,Ahmednagar,https://www.google.com/maps/place/Vidyasagar Gurukul kid's Academy/data=!4m7!3m6!1s0x3bdcbb5b8bff1267:0x76ea11a5658fbbc8!8m2!3d19.1341643!4d74.7399032!16s/g/11t3_yc9_q!19sChIJZxL_i1u73DsRyLuPZaUR6nY,strong rating; no website; mobile/WhatsApp reachable; education keyword match
70,HIGH PRIORITY,Vighnaharta Computers,"Computer Classes, Tuition",5.0,13,9860010777,9860010777,,"Tarakpur, Ahmednagar",,Ahmednagar,https://www.google.com/maps/place/Vighnaharta Computers/data=!4m7!3m6!1s0x3bdcb1f473d14659:0xee151e4ada5ccf33!8m2!3d19.0993346!4d74.7365429!16s/g/11jmx1vq85!19sChIJWUbRc_Sx3DsRM89c2koeFe4,strong rating; no website; mobile/WhatsApp reachable; education keyword match
70,HIGH PRIORITY,Yash Classes,Tuition,5.0,5,9370499365,9370499365,,"Anand Nagar East, Ahmednagar",,Ahmednagar,https://www.google.com/maps/place/Yash Classes/data=!4m7!3m6!1s0x3bdcbb1d74bad117:0x32aca97a4d91a9ad!8m2!3d19.1171607!4d74.7422859!16s/g/11r991_49g!19sChIJF9G6dB273DsRramRTXqprDI,strong rating; no website; mobile/WhatsApp reachable; education keyword match
70,HIGH PRIORITY,'my English Hub' Spoken Academy,"Spoken English, Tuition, English Academy",4.9,16,8857094845,8857094845,,"Tarakpur, Ahmednagar",,Ahmednagar,https://www.google.com/maps/place/''MY ENGLISH HUB' Spoken Academy'/data=!4m7!3m6!1s0x3bdcbb37f14ff32d:0x2fa26eca72489c99!8m2!3d19.1059916!4d74.7303984!16s/g/11n06nn0b9!19sChIJLfNP8Te73DsRmZxIcspuoi8,strong rating; no website; mobile/WhatsApp reachable; education keyword match
70,HIGH PRIORITY,8 To 10 All Subjects Ahmednagar Vision Academy,Tuition,4.9,43,8830110501,8830110501,,"Nepti Suburban, Ahmednagar",,Ahmednagar,https://www.google.com/maps/place/Best Coaching Classes 8 to 10 All Subjects Ahmednagar Vision Academy/data=!4m7!3m6!1s0x3bdcba7dea5abf23:0xebadecdf55742870!8m2!3d19.1198772!4d74.7349513!16s/g/11f32mrvp7!19sChIJI79a6n263DsRcCh0Vd_sres,strong rating; no website; mobile/WhatsApp reachable; education keyword match
90,HIGH PRIORITY,Anomalous Coaching Classes,"IIT JEE, NEET, NDA, Tuition",4.9,445,8857087569,8857087569,,"Savedi, Ahmednagar",,Ahmednagar,https://www.google.com/maps/place/ANOMALOUS COACHING CLASSES(IIT-JEE/NEET/MHT-CET/NDA)/data=!4m7!3m6!1s0x3bdcba89b8bb8e55:0x3d9d71bee93c65cc!8m2!3d19.1253226!4d74.7485084!16s/g/11ddxs8c1j!19sChIJVY67uIm63DsRzGU86b5xnT0,strong rating; 100+ reviews; no website; mobile/WhatsApp reachable; education keyword match
70,HIGH PRIORITY,Bedekar's English Class,"Spoken English, Tuition, English Academy",4.9,8,9890903000,9890903000,,"Nalegaon, Ahmednagar",,Ahmednagar,https://www.google.com/maps/place/Bedekar's English Class/data=!4m7!3m6!1s0x3bdcb061a8ff2eb1:0x7d99f7f6f72803f7!8m2!3d19.0938578!4d74.7364277!16s/g/11fxw8s715!19sChIJsS7_qGGw3DsR9wMo9_b3mX0,strong rating; no website; mobile/WhatsApp reachable; education keyword match
70,HIGH PRIORITY,Colours Drawing Potrait Rangoli And Mahendi Academy,SSC,4.9,89,9890351213,9890351213,,"Savedi, Ahmednagar",,Ahmednagar,"https://www.google.com/maps/place/Colours Drawing,Potrait Rangoli and Mahendi Academy/data=!4m7!3m6!1s0x3bdcba9c9e48b2cf:0x96710d5043a8e74b!8m2!3d19.1189283!4d74.7480516!16s/g/11c2pg17ck!19sChIJz7JInpy63DsRS-eoQ1ANcZY",strong rating; no website; mobile/WhatsApp reachable; education keyword match
90,HIGH PRIORITY,Durekar Science Academy,"Tuition, Science",4.9,162,9595953085,9595953085,,"Savedi, Ahmednagar",,Ahmednagar,https://www.google.com/maps/place/Durekar Science Academy/data=!4m7!3m6!1s0x3bdcba62b5ee2a59:0xb853b86b5e0158b8!8m2!3d19.1252293!4d74.7328691!16s/g/11td8c60pv!19sChIJWSrutWK63DsRuFgBXmu4U7g,strong rating; 100+ reviews; no website; mobile/WhatsApp reachable; education keyword match
90,HIGH PRIORITY,Focus Computer Ahmednagar,"Computer Classes, Tuition",4.9,400,8380075555,8380075555,,"Ves, Ahmednagar",,Ahmednagar,https://www.google.com/maps/place/Focus Computer Ahmednagar/data=!4m7!3m6!1s0x3bdcb05fc51fd9f1:0x29c7fee3f469760f!8m2!3d19.0895136!4d74.7356865!16s/g/11f57k1pry!19sChIJ8dkfxV-w3DsRD3Zp9OP-xyk,strong rating; 100+ reviews; no website; mobile/WhatsApp reachable; education keyword match
90,HIGH PRIORITY,Gigabyte Computer,"Computer Classes, Tuition",4.9,277,9422228010,9422228010,,"Kedgaon, Ahmednagar",,Ahmednagar,https://www.google.com/maps/place/Gigabyte Computer/data=!4m7!3m6!1s0x3bdcb1005b841cf7:0xc8ec7c070ddd6d56!8m2!3d19.0629962!4d74.7055806!16s/g/11wnjdk75h!19sChIJ9xyEWwCx3DsRVm3dDQd87Mg,strong rating; 100+ reviews; no website; mobile/WhatsApp reachable; education keyword match
70,HIGH PRIORITY,Godavari Career Academy,"Police Bharti, Tuition",4.9,20,9822107650,9822107650,,"Bhavani Nagar, Ahmednagar",,Ahmednagar,https://www.google.com/maps/place/Godavari Career Academy/data=!4m7!3m6!1s0x3bdcb05e9cba11b3:0x87c1120786b093b7!8m2!3d19.0869692!4d74.7392583!16s/g/11f3tjgrph!19sChIJsxG6nF6w3DsRt5OwhgcSwYc,strong rating; no website; mobile/WhatsApp reachable; education keyword match
70,HIGH PRIORITY,J.k. Academy All Subjects Under One Roof,Tuition,4.9,64,9623685696,9623685696,,"Jakat Naka, Darewadi",,Ahmednagar,https://www.google.com/maps/place/J.K. ACADEMY (All subjects under one roof)/data=!4m7!3m6!1s0x3bdcb154b17c5511:0x449b6e149d5a9b7f!8m2!3d19.0792083!4d74.7713032!16s/g/11txjgb67z!19sChIJEVV8sVSx3DsRf5tanRRum0Q,strong rating; no website; mobile/WhatsApp reachable; education keyword match
90,HIGH PRIORITY,Jha S Academy,Tuition,4.9,203,7875100199,7875100199,,"Wakodi Phata, Darewadi",,Ahmednagar,https://www.google.com/maps/place/Jha’s Academy/data=!4m7!3m6!1s0x3bdcb1b9fc93d263:0x792669bb56376693!8m2!3d19.073753!4d74.7584725!16s/g/11sr83sv40!19sChIJY9KT_Lmx3DsRk2Y3VrtpJnk,strong rating; 100+ reviews; no website; mobile/WhatsApp reachable; education keyword match
70,HIGH PRIORITY,Karale Math & B K Physics Academy A.ngar,"Tuition, Science, Mathematics",4.9,55,9923222488,9923222488,,"Savedi, Ahmednagar",,Ahmednagar,"https://www.google.com/maps/place/Karale Math & B K PHYSICS ACADEMY,A.NGAR/data=!4m7!3m6!1s0x3bdcba7d31aaa3f7:0x811f3d81922bd59b!8m2!3d19.1241897!4d74.7316935!16s/g/11cs5b2w09!19sChIJ96OqMX263DsRm9UrkoE9H4E",strong rating; no website; mobile/WhatsApp reachable; education keyword match
70,HIGH PRIORITY,Krishna Diploma Degree Engineering Classes & Engineering Project Manufacturing,"Banking, Tuition",4.9,63,9333994444,9333994444,,"Savedi Rd, Ahmednagar",,Ahmednagar,https://www.google.com/maps/place/KRISHNA DIPLOMA / DEGREE Engineering Classes & Engineering Project Manufacturing/data=!4m7!3m6!1s0x3bdcbb25ec2ccbc9:0x409fce8669ea6f70!8m2!3d19.1154717!4d74.7294626!16s/g/11mbxk15m3!19sChIJycss7CW73DsRcG_qaYbOn0A,strong rating; no website; mobile/WhatsApp reachable; education keyword match
70,HIGH PRIORITY,Minakshi Enterprises,"Computer Classes, Tuition",4.9,13,9028779777,9028779777,,"Tarakpur, Ahmednagar",,Ahmednagar,https://www.google.com/maps/place/Minakshi Enterprises/data=!4m7!3m6!1s0x3bdcb07be7706887:0xfe73a4ef0b019876!8m2!3d19.107633!4d74.7407936!16s/g/11c61f_r2_!19sChIJh2hw53uw3DsRdpgBC--kc_4,strong rating; no website; mobile/WhatsApp reachable; education keyword match
70,HIGH PRIORITY,Mtec Spoken English Academy Expert In Spoken English,"Spoken English, Tuition, English Academy",4.9,42,9226266262,9226266262,,"Pipeline Rd, Ahmednagar",,Ahmednagar,https://www.google.com/maps/place/MTEC SPOKEN ENGLISH ACADEMY- Expert in Spoken English/data=!4m7!3m6!1s0x3bdcbb7b636bdb9b:0x821e9ea7f71ff31e!8m2!3d19.1309943!4d74.744854!16s/g/11b6gdm4fy!19sChIJm9trY3u73DsRHvMf96eeHoI,strong rating; no website; mobile/WhatsApp reachable; education keyword match
70,HIGH PRIORITY,Nav Bharat Professional Academy,MPSC,4.9,12,9595222630,9595222630,,"Savedi, Ahmednagar",,Ahmednagar,https://www.google.com/maps/place/Nav Bharat Professional Academy/data=!4m7!3m6!1s0x3bdcba62a51ecdd9:0xb3a0a1acb68f20b9!8m2!3d19.1255022!4d74.7392193!16s/g/11f0_gmtvw!19sChIJ2c0epWK63DsRuSCPtqyhoLM,strong rating; no website; mobile/WhatsApp reachable; education keyword match
70,HIGH PRIORITY,Ramdin Physics Academy,"IIT JEE, Science",4.9,57,8308667003,8308667003,,"Savedi, Ahmednagar",,Ahmednagar,https://www.google.com/maps/place/Ramdin Physics Academy/data=!4m7!3m6!1s0x3bdcba7d1f39f007:0x97d4ca2a8423ba02!8m2!3d19.1235483!4d74.7304162!16s/g/11fy953dq8!19sChIJB_A5H3263DsRArojhCrK1Jc,strong rating; no website; mobile/WhatsApp reachable; education keyword match
90,HIGH PRIORITY,Satyam Computers,"Computer Classes, Tuition",4.9,157,7720080009,7720080009,,"Sarjepura City, Ahmednagar",,Ahmednagar,https://www.google.com/maps/place/Satyam Computers/data=!4m7!3m6!1s0x3bdcb089c22f27ed:0x69da862234496f05!8m2!3d19.0973352!4d74.7327278!16s/g/11clwjf4dl!19sChIJ7Scvwomw3DsRBW9JNCKG2mk,strong rating; 100+ reviews; no website; mobile/WhatsApp reachable; education keyword match
70,HIGH PRIORITY,Sf UPSC NDA Academy,"UPSC, NDA, Tuition",4.9,37,8668437970,8668437970,,"Savedi, Ahmednagar",,Ahmednagar,https://www.google.com/maps/place/SF UPSC NDA ACADEMY/data=!4m7!3m6!1s0x3bdcbb8e80e9d8b7:0x8f118ffb80a164de!8m2!3d19.1214591!4d74.7341115!16s/g/11x5t1vbf7!19sChIJt9jpgI673DsR3mShgPuPEY8,strong rating; no website; mobile/WhatsApp reachable; education keyword match
90,HIGH PRIORITY,Vaishnavi's Classes And Party Celebration Family Cakes At Savedi Ahmednagar Area Home Delivery,Tuition,4.9,118,7768838027,7768838027,,"Savedi, Ahmednagar",,Ahmednagar,"https://www.google.com/maps/place/Vaishnavi's Classes and Party Celebration Family Cakes at Savedi, Ahmednagar Area, Home Delivery/data=!4m7!3m6!1s0x3bdcbbf0820f0c97:0x5b48d36507c4d941!8m2!3d19.1223067!4d74.7309116!16s/g/11rxsxx5l6!19sChIJlwwPgvC73DsRQdnEB2XTSFs",strong rating; 100+ reviews; no website; mobile/WhatsApp reachable; education keyword match
70,HIGH PRIORITY,Venuganga Consultants And Services Pvt Ltd Ahmednagar,"Computer Classes, Tuition",4.9,52,8668341437,8668341437,,"Pipeline Rd, Ahmednagar",,Ahmednagar,https://www.google.com/maps/place/Venuganga Consultants and Services Pvt Ltd Ahmednagar/data=!4m7!3m6!1s0x3bdcb13171aebf6b:0x23af24fe6f4c690c!8m2!3d19.1265926!4d74.7447219!16s/g/11f5bp85w4!19sChIJa7-ucTGx3DsRDGlMb_4kryM,strong rating; no website; mobile/WhatsApp reachable; education keyword match
75,HIGH PRIORITY,Wizard Computers,"Computer Classes, Tuition",4.9,559,,,,"Savedi, Ahmednagar",,Ahmednagar,https://www.google.com/maps/place/Wizard Computers/data=!4m7!3m6!1s0x3bdcba80b7bdd51f:0x9ba99195c49f9fa2!8m2!3d19.1186978!4d74.7348855!16s/g/11b7hkmmls!19sChIJH9W9t4C63DsRop-fxJWRqZs,strong rating; 100+ reviews; no website; education keyword match
70,HIGH PRIORITY,Ask Classes,Tuition,4.8,40,8484846473,8484846473,,"3qrh 76j, Bhingar",,Ahmednagar,https://www.google.com/maps/place/ASK CLASSES/data=!4m7!3m6!1s0x3bdcb1cd6bed4fab:0xe926e9279d3529f1!8m2!3d19.0906025!4d74.7777805!16s/g/11k4yp9fwd!19sChIJq0_ta82x3DsR8Sk1nSfpJuk,strong rating; no website; mobile/WhatsApp reachable; education keyword match
70,HIGH PRIORITY,Cad Cam Studio,"Computer Classes, Tuition",4.8,8,9226737010,9226737010,,"Anand Nagar East, Ahmednagar",,Ahmednagar,https://www.google.com/maps/place/CAD-CAM STUDIO/data=!4m7!3m6!1s0x3bdcbb21a50a7b13:0x6d0a7524b6e57348!8m2!3d19.1192749!4d74.7365412!16s/g/11fcszrn3h!19sChIJE3sKpSG73DsRSHPltiR1Cm0,strong rating; no website; mobile/WhatsApp reachable; education keyword match
70,HIGH PRIORITY,Gurukul Classes,"NEET, Tuition",4.8,9,8796763219,8796763219,,"Shramik Janta Nagar, Ahmednagar",,Ahmednagar,https://www.google.com/maps/place/Gurukul classes/data=!4m7!3m6!1s0x3bdcbbe9c59691eb:0xbf35199498f5ec96!8m2!3d19.1268201!4d74.7353565!16s/g/11jwjw79sz!19sChIJ65GWxem73DsRluz1mJQZNb8,strong rating; no website; mobile/WhatsApp reachable; education keyword match
70,HIGH PRIORITY,Isdt Institute For Studies In Design & Technology,"Computer Classes, Tuition",4.8,66,7720029088,7720029088,,"Laltaki, Ahmednagar",,Ahmednagar,https://www.google.com/maps/place/(ISDT) Institute For Studies in Design & Technology/data=!4m7!3m6!1s0x3bdcb07da9daaac1:0x6239152ff9ab98c4!8m2!3d19.1046158!4d74.7363339!16s/g/11csrv21t1!19sChIJwaraqX2w3DsRxJir-S8VOWI,strong rating; no website; mobile/WhatsApp reachable; education keyword match
70,HIGH PRIORITY,Kedareshwar Computer Typing Institute,"Computer Classes, Tuition",4.8,4,7028724636,7028724636,,"Sarjepura City, Ahmednagar",,Ahmednagar,https://www.google.com/maps/place/Kedareshwar Computer Typing Institute/data=!4m7!3m6!1s0x3bdcb089ba4a12fd:0x39f47c824034343b!8m2!3d19.097739!4d74.7317558!16s/g/11dfjb0cdg!19sChIJ_RJKuomw3DsROzQ0QIJ89Dk,strong rating; no website; mobile/WhatsApp reachable; education keyword match
70,HIGH PRIORITY,Kumar Academy Rajiv Sir,Tuition,4.8,25,9960632811,9960632811,,"Arun Vaidya Colony, Darewadi",,Ahmednagar,https://www.google.com/maps/place/KUMAR ACADEMY (RAJIV SIR)/data=!4m7!3m6!1s0x3bdcb1cb30517475:0xf66a7436ac92654a!8m2!3d19.0775!4d74.77274!16s/g/11c0xcwpf8!19sChIJdXRRMMux3DsRSmWSrDZ0avY,strong rating; no website; mobile/WhatsApp reachable; education keyword match
90,HIGH PRIORITY,Rahi Computer & Typing Institute,"Computer Classes, Tuition",4.8,114,7020556707,7020556707,,"Burhannagar, Nagardeole",,Ahmednagar,https://www.google.com/maps/place/Rahi Computer & Typing Institute/data=!4m7!3m6!1s0x3bdcbaaa0da6a425:0xd76a3fa493ff70df!8m2!3d19.117713!4d74.775809!16s/g/1q64pn0sg!19sChIJJaSmDaq63DsR33D_k6Q_atc,strong rating; 100+ reviews; no website; mobile/WhatsApp reachable; education keyword match
90,HIGH PRIORITY,Saksham Ias Academy And Library,UPSC,4.8,229,7040554422,7040554422,,"Sudke Mala, Ahmednagar",,Ahmednagar,https://www.google.com/maps/place/Saksham IAS academy And library/data=!4m7!3m6!1s0x3bdcb1b97116cc61:0x4286716b6bf203fe!8m2!3d19.1051075!4d74.7297398!16s/g/11qpqbhqv7!19sChIJYcwWcbmx3DsR_gPya2txhkI,strong rating; 100+ reviews; no website; mobile/WhatsApp reachable; education keyword match
70,HIGH PRIORITY,Skill Champs Academy Cursive Handwriting Abacus And Basic Grammar,"Tuition, Abacus",4.8,14,9284111918,9284111918,,"Sahakar Nagar, Ahmednagar",,Ahmednagar,"https://www.google.com/maps/place/Skill champs academy( cursive Handwriting, Abacus and Basic grammar)/data=!4m7!3m6!1s0x3bdcbb00521b8ebd:0x4f7bf9b580640dd8!8m2!3d19.1327018!4d74.7325679!16s/g/11y3qrmdc9!19sChIJvY4bUgC73DsR2A1kgLX5e08",strong rating; no website; mobile/WhatsApp reachable; education keyword match
90,HIGH PRIORITY,Surya Computers & Typing Institute,"Computer Classes, Tuition",4.8,129,8855056042,8855056042,,"Wakodi Phata, Wakodi",,Ahmednagar,https://www.google.com/maps/place/SURYA COMPUTERS & TYPING INSTITUTE/data=!4m7!3m6!1s0x3bdcb1cc1cccae4b:0xa5217bf7416b0d9f!8m2!3d19.0639977!4d74.7636996!16s/g/11g6js17cm!19sChIJS67MHMyx3DsRnw1rQfd7IaU,strong rating; 100+ reviews; no website; mobile/WhatsApp reachable; education keyword match
75,HIGH PRIORITY,Vaibhav Patil's Disha Computer,"Computer Classes, Tuition",4.8,149,,,,"Pandurang Complex, Laltaki",,Ahmednagar,https://www.google.com/maps/place/Vaibhav Patil's Disha Computer/data=!4m7!3m6!1s0x3bdcb1b745dcc19b:0xf0dcc3b082e10530!8m2!3d19.1053643!4d74.7352747!16s/g/11hdq99x57!19sChIJm8HcRbex3DsRMAXhgrDD3PA,strong rating; 100+ reviews; no website; education keyword match
70,HIGH PRIORITY,Yashwant Academy Ahmednagar,Tuition,4.8,8,8830712688,8830712688,,"Samata Nagar, Ahmednagar",,Ahmednagar,https://www.google.com/maps/place/YASHWANT ACADEMY AHMEDNAGAR/data=!4m7!3m6!1s0x3bdcb1b137afeaf7:0x708dab1352736d82!8m2!3d19.096698!4d74.7216426!16s/g/11j5gymv9m!19sChIJ9-qvN7Gx3DsRgm1zUhOrjXA,strong rating; no website; mobile/WhatsApp reachable; education keyword match
90,HIGH PRIORITY,Believe Study Hub,English Academy,4.7,227,9552061744,9552061744,,"Sarjepura City, Ahmednagar",,Ahmednagar,https://www.google.com/maps/place/Believe Study Hub/data=!4m7!3m6!1s0x3bdcb14ecd64413d:0x5b896991259166dd!8m2!3d19.0965732!4d74.7343411!16s/g/11fslltqnr!19sChIJPUFkzU6x3DsR3WaRJZFpiVs,strong rating; 100+ reviews; no website; mobile/WhatsApp reachable; education keyword match
70,HIGH PRIORITY,Grade Plus Academy,MPSC,4.7,19,9225450450,9225450450,,"Savedi, Ahmednagar",,Ahmednagar,https://www.google.com/maps/place/Grade Plus Academy/data=!4m7!3m6!1s0x3bdcba41233f35ed:0x4ede0ee39fc6d638!8m2!3d19.1138324!4d74.7341412!16s/g/11gbk2__p2!19sChIJ7TU_I0G63DsRONbGn-MO3k4,strong rating; no website; mobile/WhatsApp reachable; education keyword match
70,HIGH PRIORITY,Kandake Chemistry Academy,"NDA, Tuition, Science, Kids Learning",4.7,28,9860729992,9860729992,,"Savedi, Ahmednagar",,Ahmednagar,https://www.google.com/maps/place/Kandake Chemistry Academy/data=!4m7!3m6!1s0x3bdcba7db7b885bb:0x5d0690e9b57f239c!8m2!3d19.1203675!4d74.7311564!16s/g/11r8_jc6k!19sChIJu4W4t3263DsRnCN_temQBl0,strong rating; no website; mobile/WhatsApp reachable; education keyword match
70,HIGH PRIORITY,Phoenix College Ahmednagr,Banking,4.7,60,9595953732,9595953732,,"Pandit Nehru Vidyalay Campus, State Bank Chauk",,Ahmednagar,"https://www.google.com/maps/place/Phoenix College, Ahmednagr/data=!4m7!3m6!1s0x3bdcba6439ae3931:0xa3516d7cf32d0428!8m2!3d19.0948118!4d74.7496063!16s/g/11c31wrshw!19sChIJMTmuOWS63DsRKAQt83xtUaM",strong rating; no website; mobile/WhatsApp reachable; possible multiple branches
70,HIGH PRIORITY,Fca Academy,Tuition,4.6,26,9422227464,9422227464,,"Nalegaon, Ahmednagar",,Ahmednagar,https://www.google.com/maps/place/FCA Academy/data=!4m7!3m6!1s0x3bdcb063d0f77fc5:0xc44451e61f7a497f!8m2!3d19.0967755!4d74.7373284!16s/g/11hbg8pk9d!19sChIJxX_30GOw3DsRf0l6H-ZRRMQ,strong rating; no website; mobile/WhatsApp reachable; education keyword match
90,HIGH PRIORITY,Focus Computers,"Computer Classes, Tuition",4.6,107,7776043043,7776043043,,"Mukundnagar, Ahmednagar",,Ahmednagar,https://www.google.com/maps/place/FOCUS COMPUTERS/data=!4m7!3m6!1s0x3bdcb120e7a8541d:0xd1a08a7e6b7a6082!8m2!3d19.1084739!4d74.7540382!16s/g/11y434mlzc!19sChIJHVSo5yCx3DsRgmB6a36KoNE,strong rating; 100+ reviews; no website; mobile/WhatsApp reachable; education keyword match
70,HIGH PRIORITY,G K Academy,NEET,4.6,13,9850429897,9850429897,,"Maliwada, Ahmednagar",,Ahmednagar,https://www.google.com/maps/place/G K ACADEMY/data=!4m7!3m6!1s0x3bdcb1b93886373b:0xc04061b65d946ad2!8m2!3d19.0894785!4d74.7383938!16s/g/11vwwx_mc5!19sChIJOzeGOLmx3DsR0mqUXbZhQMA,strong rating; no website; mobile/WhatsApp reachable; education keyword match
70,HIGH PRIORITY,Holy Angels English Medium School.,English Academy,4.6,13,9225619619,9225619619,,"Mukundnagar, Ahmednagar",,Ahmednagar,https://www.google.com/maps/place/HOLY ANGELS ENGLISH MEDIUM SCHOOL./data=!4m7!3m6!1s0x3bdcb0772457aa71:0x9ba0a4b741544015!8m2!3d19.1101608!4d74.747781!16s/g/11g9k2k62z!19sChIJcapXJHew3DsRFUBUQbekoJs,strong rating; no website; mobile/WhatsApp reachable; education keyword match
90,HIGH PRIORITY,Sarang Gujarathi's Commerce Academy,"Commerce Classes, Tuition",4.6,119,8408087676,8408087676,,"Sudke Mala, Ahmednagar",,Ahmednagar,https://www.google.com/maps/place/Sarang Gujarathi's Commerce Academy - Main Branch (SGCA)/data=!4m7!3m6!1s0x3bdcb1eba52137bf:0x9d04d71c5d2f57e8!8m2!3d19.104063!4d74.7303745!16s/g/11h7j0bsgw!19sChIJvzchpeux3DsR6FcvXRzXBJ0,strong rating; 100+ reviews; no website; mobile/WhatsApp reachable; education keyword match
80,HIGH PRIORITY,Scope Computers,"Computer Classes, Tuition",4.6,31,9370022968,9370022968,,"Dhoot Centre, Ahmednagar",,Ahmednagar,https://www.google.com/maps/place/Scope Computers/data=!4m7!3m6!1s0x3bdcb05d7b74d5f9:0x56ac1c035c2689a7!8m2!3d19.0906639!4d74.7432649!16s/g/124ylcqjh!19sChIJ-dV0e12w3DsRp4kmXAMcrFY,strong rating; no website; mobile/WhatsApp reachable; education keyword match; possible multiple branches
70,HIGH PRIORITY,Svn Tutorials,Tuition,4.6,25,9823078726,9823078726,,"Maliwada, Ahmednagar",,Ahmednagar,https://www.google.com/maps/place/SVN Tutorials/data=!4m7!3m6!1s0x3bdcb05f93f61bd7:0x36cea356c9fce2b4!8m2!3d19.08807!4d74.7348264!16s/g/11f159zdrr!19sChIJ1xv2k1-w3DsRtOL8yVajzjY,strong rating; no website; mobile/WhatsApp reachable; education keyword match
70,HIGH PRIORITY,Unicorn Academy,UPSC,4.6,29,7507607702,7507607702,,"Savedi, Ahmednagar",,Ahmednagar,https://www.google.com/maps/place/Unicorn Academy/data=!4m7!3m6!1s0x3bdcbb006bf7a19d:0x8d4fc2317715d94d!8m2!3d19.1214518!4d74.7357021!16s/g/11vzdkbdcs!19sChIJnaH3awC73DsRTdkVdzHCT40,strong rating; no website; mobile/WhatsApp reachable; education keyword match
70,HIGH PRIORITY,Focus Computer And Typing Institute,"Railway, Computer Classes",4.5,20,9404316529,9404316529,,"Station Rd, Ahmednagar",,Ahmednagar,https://www.google.com/maps/place/FOCUS Computer And Typing Institute/data=!4m7!3m6!1s0x3bdcb0f0962ae0b9:0x1f2238c263d3cd43!8m2!3d19.0788691!4d74.7263937!16s/g/11g69h7g23!19sChIJueAqlvCw3DsRQ83TY8I4Ih8,strong rating; no website; mobile/WhatsApp reachable; education keyword match
70,HIGH PRIORITY,Gawande Maths Classes,"NEET, Tuition, Mathematics",4.5,31,9955352323,9955352323,,"Bagade Mala, Ahmednagar",,Ahmednagar,https://www.google.com/maps/place/Gawande Maths Classes/data=!4m7!3m6!1s0x3bdcb0625bd6f1e1:0xac93ca03b8317d34!8m2!3d19.1044228!4d74.7303813!16s/g/11g6ypbh0k!19sChIJ4fHWW2Kw3DsRNH0xuAPKk6w,strong rating; no website; mobile/WhatsApp reachable; education keyword match
70,HIGH PRIORITY,Nata Classes In Ahmednagar Rajmudra Design Academy,"NEET, Tuition",4.5,8,8805223915,8805223915,,"Savedi, Ahmednagar",,Ahmednagar,https://www.google.com/maps/place/Nata Classes in Ahmednagar Rajmudra Design Academy/data=!4m7!3m6!1s0x3bdcba6209a6046d:0xcbcb1b5c8cd83d07!8m2!3d19.1234901!4d74.7486578!16s/g/11g9dn24np!19sChIJbQSmCWK63DsRBz3YjFwby8s,strong rating; no website; mobile/WhatsApp reachable; education keyword match
90,HIGH PRIORITY,Prominent Spoken English & Digital Marketing Institute,"Spoken English, Tuition, English Academy",4.5,217,8600000069,8600000069,,"Savedi, Ahmednagar",,Ahmednagar,https://www.google.com/maps/place/PROMINENT SPOKEN ENGLISH & DIGITAL MARKETING INSTITUTE/data=!4m7!3m6!1s0x3bdcba7f3c5c6a4b:0xbffd89b1cf7ea2ba!8m2!3d19.114889!4d74.729061!16s/g/11c2pmpr4z!19sChIJS2pcPH-63DsRuqJ-z7GJ_b8,strong rating; 100+ reviews; no website; mobile/WhatsApp reachable; education keyword match
70,HIGH PRIORITY,Thite's Shreeram Computer Typing & Shorthand Institute,"Computer Classes, Tuition",4.5,72,9216921663,9216921663,,"Nalegaon, Ahmednagar",,Ahmednagar,https://www.google.com/maps/place/Thite's Shreeram Computer Typing & Shorthand Institute/data=!4m7!3m6!1s0x3bdcb08a6de95399:0x3228364bb4ad7c9b!8m2!3d19.0942062!4d74.7328668!16s/g/11hc2xxq6m!19sChIJmVPpbYqw3DsRm3yttEs2KDI,strong rating; no website; mobile/WhatsApp reachable; education keyword match
70,HIGH PRIORITY,Uddhav Academy English Medium School,English Academy,4.5,32,9822834949,9822834949,,"Samata Nagar, Ahmednagar",,Ahmednagar,https://www.google.com/maps/place/Uddhav Academy English Medium School/data=!4m7!3m6!1s0x3bdcb09179229069:0x907cea3203d3a6d7!8m2!3d19.0936546!4d74.7208436!16s/g/11dxkvtgx1!19sChIJaZAieZGw3DsR16bTAzLqfJA,strong rating; no website; mobile/WhatsApp reachable; education keyword match
70,HIGH PRIORITY,Best NEET Pcb Science Academy Ambition Ahmednagar,"NEET, Science",4.4,15,9850934924,9850934924,,"Savedi, Ahmednagar",,Ahmednagar,https://www.google.com/maps/place/Best NEET PCB Science academy Ambition Ahmednagar/data=!4m7!3m6!1s0x3bdcbbe4dad4e9e9:0x3de042d96d182cc4!8m2!3d19.1273767!4d74.732874!16s/g/11rj620g16!19sChIJ6enU2uS73DsRxCwYbdlC4D0,strong rating; no website; mobile/WhatsApp reachable; education keyword match
90,HIGH PRIORITY,Ghonse Maths Academy,"NEET, Mathematics",4.4,162,9762659465,9762659465,,"Savedi, Ahmednagar",,Ahmednagar,https://www.google.com/maps/place/Ghonse Maths Academy/data=!4m7!3m6!1s0x3bdcba7dc83d4fef:0x4502403798ef6b1d!8m2!3d19.1203002!4d74.7314275!16s/g/1hm2vhkzv!19sChIJ7089yH263DsRHWvvmDdAAkU,strong rating; 100+ reviews; no website; mobile/WhatsApp reachable; education keyword match
70,HIGH PRIORITY,Joshi Physics Classes,"NEET, Tuition, Science",4.4,22,9422740495,9422740495,,"Savedi, Ahmednagar",,Ahmednagar,https://www.google.com/maps/place/Joshi Physics Classes/data=!4m7!3m6!1s0x3bdcba7d02922463:0xc19f9c01d39f6f8a!8m2!3d19.1223679!4d74.7308402!16s/g/11f093swxq!19sChIJYySSAn263DsRim-f0wGcn8E,strong rating; no website; mobile/WhatsApp reachable; education keyword match
75,HIGH PRIORITY,New Arts Commerce And Science College Ahmednagar Commerce Building,"Commerce Classes, Tuition",4.4,180,,,,"Bagade Mala, Ahmednagar",,Ahmednagar,"https://www.google.com/maps/place/New Arts, Commerce and Science college ahmednagar, Commerce Building/data=!4m7!3m6!1s0x3bdcb1ad4b62c863:0x4e6b010bbfa85cb9!8m2!3d19.1036055!4d74.7312114!16s/g/11h6ddzqcy!19sChIJY8hiS62x3DsRuVyovwsBa04",strong rating; 100+ reviews; no website; education keyword match
70,HIGH PRIORITY,Pol Class,"Tuition, Kids Learning",4.4,50,9970415919,9970415919,,"Savedi, Ahmednagar",,Ahmednagar,https://www.google.com/maps/place/POL Class/data=!4m7!3m6!1s0x3bdcba62ad1ce1d1:0x4571b15392687a93!8m2!3d19.1247416!4d74.7331799!16s/g/11ggphwqv_!19sChIJ0eEcrWK63DsRk3poklOxcUU,strong rating; no website; mobile/WhatsApp reachable; education keyword match
70,HIGH PRIORITY,The Tech Hub Computer Training Institute,"Computer Classes, Tuition",4.4,15,9595956207,9595956207,,"Market Yard Rd, Ahmednagar",,Ahmednagar,https://www.google.com/maps/place/THE TECH HUB Computer Training Institute/data=!4m7!3m6!1s0x3bdcb05e9c4ed185:0x434e8fa7633bfde6!8m2!3d19.0869426!4d74.739294!16s/g/11c2kbp4gq!19sChIJhdFOnF6w3DsR5v07Y6ePTkM,strong rating; no website; mobile/WhatsApp reachable; education keyword match
70,HIGH PRIORITY,Dnyanraj Academy,MPSC,4.3,7,8698944091,8698944091,,Ahmednagar,,Ahmednagar,https://www.google.com/maps/place/Dnyanraj Academy/data=!4m7!3m6!1s0x3bdcb1d9c31acf07:0x2c51c1d2b5960eb7!8m2!3d19.1038344!4d74.7303405!16s/g/11fqpsd_8q!19sChIJB88aw9mx3DsRtw6WtdLBUSw,strong rating; no website; mobile/WhatsApp reachable; education keyword match
70,HIGH PRIORITY,Gururaj Science Academy,Science,4.3,4,9011541854,9011541854,,"Bagade Mala, Ahmednagar",,Ahmednagar,https://www.google.com/maps/place/Gururaj Science Academy/data=!4m7!3m6!1s0x3bdcb10037676c55:0x78dd53f6c940b1b0!8m2!3d19.1038023!4d74.7303465!16s/g/11vyrbv1q6!19sChIJVWxnNwCx3DsRsLFAyfZT3Xg,strong rating; no website; mobile/WhatsApp reachable; education keyword match
70,HIGH PRIORITY,Lakshya Academy,"Police Bharti, Tuition",4.3,30,9689902577,9689902577,,"Sudke Mala, Ahmednagar",,Ahmednagar,https://www.google.com/maps/place/Lakshya Academy/data=!4m7!3m6!1s0x3bdcb086dcc55ae1:0x1c88b951d03bd17b!8m2!3d19.1060055!4d74.7298761!16s/g/11c518d34z!19sChIJ4VrF3Iaw3DsRe9E70FG5iBw,strong rating; no website; mobile/WhatsApp reachable; education keyword match
70,HIGH PRIORITY,Prahar Career Academy,Defence,4.3,35,7722025155,7722025155,,"Nirmal Nagar, Burhanagar",,Ahmednagar,https://www.google.com/maps/place/Prahar Career Academy/data=!4m7!3m6!1s0x3bdcbbc020629177:0x67259fd024b29016!8m2!3d19.1420999!4d74.760873!16s/g/11j5b431gw!19sChIJd5FiIMC73DsRFpCyJNCfJWc,strong rating; no website; mobile/WhatsApp reachable; education keyword match
70,HIGH PRIORITY,Rupibai Motilalji Bora New English School,English Academy,4.3,80,8275200117,8275200117,,"Maliwada, Ahmednagar",,Ahmednagar,https://www.google.com/maps/place/Rupibai Motilalji Bora New English School/data=!4m7!3m6!1s0x3bdcb0600225f959:0x51f70ce3a976f4b5!8m2!3d19.0899034!4d74.7334503!16s/g/1twyx_gq!19sChIJWfklAmCw3DsRtfR2qeMM91E,strong rating; no website; mobile/WhatsApp reachable; education keyword match
70,HIGH PRIORITY,Raje Shiv Chatrapati Defense Academy,Defence,4.2,5,9420640727,9420640727,,"Bhavani Nagar, Nagardeole",,Ahmednagar,https://www.google.com/maps/place/Raje Shiv Chatrapati Defense Academy/data=!4m7!3m6!1s0x3bdcb018d105836f:0xab6d78d30000000!8m2!3d19.09596!4d74.7741632!16s/g/11rsslqx5h!19sChIJb4MF0Riw3DsRAAAAMI3Xtgo,strong rating; no website; mobile/WhatsApp reachable; education keyword match
